term,cat,tipo,mascara,evidencia
"6dig","MODIF","ALFA","CHAR(6)","1 ocurrencias"
"abono","ENTIDAD","NUM","INTEGER","2337 ocurrencias"
"abonoinmediato","ENTIDAD","?","?","no_evidence"
"acceso","ENTIDAD","NUM","DECIMAL(15,2)","246 ocurrencias"
"acl","PREFIJO","NUM","INTEGER","1010 ocurrencias"
"aclaracion","ENTIDAD","NUM","INTEGER","433 ocurrencias"
"aclaraciones","ENTIDAD","NUM","MONEY(16,2)","148 ocurrencias"
"act","ACCION","—","—","accion"
"activa","ACCION","—","—","accion"
"activar","ACCION","—","—","accion"
"activos","MODIF","NUM","INTEGER","70 ocurrencias"
"actualiza","ACCION","—","—","accion"
"acuerdo","ENTIDAD","NUM","DECIMAL(16,2)","28 ocurrencias"
"adm","ACCION","—","—","accion"
"admin","ENTIDAD","NUM","INTEGER","258 ocurrencias"
"admtoken","ENTIDAD","ALFA","CHAR(40)","2 ocurrencias"
"adn","ACCION","—","—","accion"
"afore","ENTIDAD","NUM","SMALLINT","25 ocurrencias"
"agendadas","MODIF","?","?","no_evidence"
"alerta","ENTIDAD","ALFA","CHAR(2)","155 ocurrencias"
"alertas","ENTIDAD","?","?","no_evidence"
"alta","ACCION","—","—","accion"
"analista","ENTIDAD","ALFA","CHAR(45)","401 ocurrencias"
"anio","ENTIDAD","ALFA","CHAR(4)","2413 ocurrencias"
"ant","MODIF","NUM","INTEGER","8218 ocurrencias"
"apellido","ENTIDAD","ALFA","CHAR(26)","1573 ocurrencias"
"apertura","ENTIDAD","FECHA","DATE","802 ocurrencias"
"aplica","ACCION","—","—","accion"
"aplicaordenpago","ACCION","—","—","accion"
"apoderado","ENTIDAD","ALFA","CHAR(20)","62 ocurrencias"
"app","MODIF","ALFA","CHAR(26)","563 ocurrencias"
"arch","ENTIDAD","ALFA","CHAR(100)","5650 ocurrencias"
"archivo","ENTIDAD","ALFA","CHAR(100)","4404 ocurrencias"
"archivos","ENTIDAD","NUM","INTEGER","54 ocurrencias"
"archsdos","ENTIDAD","?","?","no_evidence"
"arr","ENTIDAD","NUM","SMALLINT","448 ocurrencias"
"art61","REG","—","—","regulacion"
"asiento","ENTIDAD","?","?","no_evidence"
"asigna","ACCION","—","—","accion"
"atm","ENTIDAD","NUM","INTEGER","919 ocurrencias"
"atms","ENTIDAD","ALFA","CHAR(40)","44 ocurrencias"
"aud","ENTIDAD","NUM","MONEY(16,2)","138 ocurrencias"
"auditoria","ENTIDAD","?","?","no_evidence"
"aumento","MODIF","NUM","INTEGER","22 ocurrencias"
"aumlincred","ACCION","—","—","accion"
"aut","ACCION","—","—","accion"
"autenticacion","ENTIDAD","NUM","SMALLINT","3 ocurrencias"
"auto","MODIF","ALFA","CHAR(8)","1366 ocurrencias"
"autoriza","ACCION","—","—","accion"
"auxiliar","ENTIDAD","ALFA","CHAR(12)","536 ocurrencias"
"aval","ENTIDAD","FECHA","DATE","204 ocurrencias"
"avatar","ENTIDAD","ALFA","CHAR(50)","27 ocurrencias"
"b3","MODIF","ALFA","CHAR(3)","127 ocurrencias"
"baja","MODIF","NUM","INTEGER","242 ocurrencias"
"balanza","ENTIDAD","NUM","DECIMAL(18,2)","7 ocurrencias"
"banco","ENTIDAD","ALFA","CHAR(3)","2584 ocurrencias"
"bandera","MODIF","ALFA","CHAR(1)","1311 ocurrencias"
"batch","MODIF","NUM","INTEGER","13 ocurrencias"
"bccc","ENTIDAD","?","?","no_evidence"
"bei","ENTIDAD","ALFA","CHAR(20)","14 ocurrencias"
"benef","ENTIDAD","ALFA","CHAR(40)","1595 ocurrencias"
"beneficiario","ENTIDAD","ALFA","CHAR(40)","589 ocurrencias"
"beneficiarios","ENTIDAD","NUM","INTEGER","36 ocurrencias"
"bex","ENTIDAD","BOOL","BOOLEAN","33 ocurrencias"
"biometrico","ENTIDAD","?","?","no_evidence"
"bitacora","ENTIDAD","NUM","INTEGER","231 ocurrencias"
"bloq","ACCION","—","—","accion"
"bloquea","ACCION","—","—","accion"
"bloqueo","ACCION","—","—","accion"
"borra","ACCION","—","—","accion"
"boveda","ENTIDAD","ALFA","CHAR(10)","6 ocurrencias"
"bpi","MODIF","ALFA","CHAR(1)","40 ocurrencias"
"bts","ENTIDAD","NUM","INTEGER","205 ocurrencias"
"buro","ENTIDAD","ALFA","CHAR(1)","226 ocurrencias"
"burofisicas","ENTIDAD","?","?","no_evidence"
"busca","ACCION","—","—","accion"
"buscar","ACCION","—","—","accion"
"busqueda","ACCION","—","—","accion"
"bym","ENTIDAD","?","?","no_evidence"
"bym2","ENTIDAD","?","?","no_evidence"
"bym3","ENTIDAD","?","?","no_evidence"
"cac","PREFIJO","ALFA","CHAR(1)","2215 ocurrencias"
"cadena","ENTIDAD","ALFA","CHAR(100)","876 ocurrencias"
"caja","ENTIDAD","ALFA","CHAR(10)","748 ocurrencias"
"cal","ENTIDAD","ALFA","CHAR(40)","4754 ocurrencias"
"calcula","ACCION","—","—","accion"
"calculo","ENTIDAD","ALFA","CHAR(1)","148 ocurrencias"
"calif","ENTIDAD","NUM","DECIMAL(5,3)","247 ocurrencias"
"califica","ACCION","—","—","accion"
"calle","ENTIDAD","ALFA","CHAR(40)","2518 ocurrencias"
"cam","PREFIJO","ALFA","CHAR(40)","2586 ocurrencias"
"cambio","ENTIDAD","FECHA","DATE","857 ocurrencias"
"camp","ENTIDAD","ALFA","CHAR(40)","1491 ocurrencias"
"campana","ENTIDAD","NUM","SMALLINT","51 ocurrencias"
"canal","ENTIDAD","ALFA","CHAR(2)","907 ocurrencias"
"canales","ENTIDAD","ALFA","CHAR(50)","53 ocurrencias"
"cancela","ACCION","—","—","accion"
"cancelacion","ACCION","—","—","accion"
"cant","ENTIDAD","NUM","INTEGER","2425 ocurrencias"
"cantidad","ENTIDAD","NUM","INTEGER","1214 ocurrencias"
"cap","ENTIDAD","NUM","DECIMAL(18,2)","7605 ocurrencias"
"captura","ACCION","—","—","accion"
"carga","ACCION","—","—","accion"
"cargamanual","ACCION","—","—","accion"
"cargamovimiento","ACCION","—","—","accion"
"cargo","ENTIDAD","NUM","MONEY(18,2)","2615 ocurrencias"
"cartera","ENTIDAD","FECHA","DATE","42 ocurrencias"
"cat","ENTIDAD","ALFA","CHAR(2)","1326 ocurrencias"
"catalogo","ENTIDAD","NUM","INTEGER","87 ocurrencias"
"catdenominacion","ENTIDAD","?","?","no_evidence"
"categoria","ENTIDAD","ALFA","CHAR(2)","455 ocurrencias"
"causa","ENTIDAD","ALFA","CHAR(3)","2070 ocurrencias"
"cc","ENTIDAD","ALFA","CHAR(5)","46323 ocurrencias"
"cce","ENTIDAD","NUM","DECIMAL(15,2)","673 ocurrencias"
"ccl","ENTIDAD","ALFA","CHAR(20)","1220 ocurrencias"
"cedula","ENTIDAD","NUM","SMALLINT","66 ocurrencias"
"cedulacontable","ENTIDAD","?","?","no_evidence"
"cedulas","ENTIDAD","?","?","no_evidence"
"cel","ENTIDAD","ALFA","CHAR(10)","2638 ocurrencias"
"central","MODIF","NUM","INTEGER","431 ocurrencias"
"cep","ENTIDAD","ALFA","CHAR(40)","1683 ocurrencias"
"cfdi","REG","—","—","regulacion"
"cg","ENTIDAD","ALFA","CHAR(1)","896 ocurrencias"
"cheq","ENTIDAD","NUM","INTEGER","1938 ocurrencias"
"cheque","ENTIDAD","NUM","INTEGER","1574 ocurrencias"
"cheques","ENTIDAD","NUM","INTEGER","318 ocurrencias"
"chi","ENTIDAD","ALFA","CHAR(100)","4605 ocurrencias"
"chq","ENTIDAD","ALFA","CHAR(1)","807 ocurrencias"
"cierre","ACCION","—","—","accion"
"ciloc","PREFIJO","?","?","no_evidence"
"cilocconsulta","ACCION","—","—","accion"
"circulo","ENTIDAD","ALFA","CHAR(1)","14 ocurrencias"
"cita","ENTIDAD","ALFA","CHAR(8)","343 ocurrencias"
"citas","ENTIDAD","?","?","no_evidence"
"ciudad","ENTIDAD","ALFA","CHAR(3)","2704 ocurrencias"
"ciudades","ENTIDAD","ALFA","CHAR(3)","20 ocurrencias"
"cjunk","AMBIGUO","?","?","no_evidence"
"ckpt","MODIF","?","?","no_evidence"
"clabe","ENTIDAD","ALFA","CHAR(18)","598 ocurrencias"
"clave","ENTIDAD","ALFA","CHAR(1)","2417 ocurrencias"
"claverastreo","ENTIDAD","ALFA","CHAR(30)","79 ocurrencias"
"clic","ENTIDAD","ALFA","CHAR(020)","6 ocurrencias"
"cliente","ENTIDAD","ALFA","CHAR(20)","5948 ocurrencias"
"clientes","ENTIDAD","NUM","INTEGER","60 ocurrencias"
"clon","ENTIDAD","ALFA","CHAR(2)","118 ocurrencias"
"club","ENTIDAD","NUM","INTEGER","47 ocurrencias"
"cnc","ENTIDAD","ALFA","CHAR(1)","28 ocurrencias"
"cnr","ENTIDAD","ALFA","CHAR(10)","40 ocurrencias"
"cnsif","ENTIDAD","?","?","no_evidence"
"cnt","ENTIDAD","NUM","INTEGER","101 ocurrencias"
"coas","ENTIDAD","?","?","no_evidence"
"cob","ENTIDAD","NUM","MONEY(16,2)","3157 ocurrencias"
"cobra","ACCION","—","—","accion"
"cobranza","ENTIDAD","NUM","SMALLINT","336 ocurrencias"
"cobro","ACCION","—","—","accion"
"cod","ENTIDAD","ALFA","CHAR(5)","54067 ocurrencias"
"codi","REG","—","—","regulacion"
"codificacion","ENTIDAD","?","?","no_evidence"
"codigo","ENTIDAD","ALFA","CHAR(5)","4711 ocurrencias"
"codigos","ENTIDAD","ALFA","CHAR(3)","38 ocurrencias"
"colonia","ENTIDAD","NUM","INTEGER","1503 ocurrencias"
"colonias","ENTIDAD","ALFA","CHAR(40)","28 ocurrencias"
"com","ENTIDAD","NUM","MONEY(16,2)","10437 ocurrencias"
"combo","ENTIDAD","ALFA","CHAR(2)","14 ocurrencias"
"comercio","ENTIDAD","ALFA","CHAR(30)","291 ocurrencias"
"comision","REG","—","—","regulacion"
"comp","MODIF","NUM","INTEGER","3262 ocurrencias"
"compac","ENTIDAD","ALFA","CHAR(1)","118 ocurrencias"
"compromiso","ENTIDAD","NUM","DECIMAL(14,2)","235 ocurrencias"
"con","ACCION","—","—","accion"
"concentracion","ACCION","—","—","accion"
"concentradora","ENTIDAD","ALFA","CHAR(20)","57 ocurrencias"
"concepto","ENTIDAD","ALFA","CHAR(40)","733 ocurrencias"
"concilia","ACCION","—","—","accion"
"conciliachq","ACCION","—","—","accion"
"conciliacion","ACCION","—","—","accion"
"concreing","ENTIDAD","?","?","no_evidence"
"confirma","ACCION","—","—","accion"
"confirmasms","ACCION","—","—","accion"
"cons","ACCION","—","—","accion"
"conscedulas","ACCION","—","—","accion"
"consecutivo","ENTIDAD","NUM","INTEGER","520 ocurrencias"
"consprodcte","ACCION","—","—","accion"
"consreporte","ACCION","—","—","accion"
"consreportes","ACCION","—","—","accion"
"conssaldosdiarios","ACCION","—","—","accion"
"consulta","ACCION","—","—","accion"
"consutacat","ACCION","—","—","accion"
"cont","PREFIJO","NUM","INTEGER","7219 ocurrencias"
"convenio","ENTIDAD","ALFA","CHAR(3)","1503 ocurrencias"
"conyuge","ENTIDAD","ALFA","CHAR(20)","625 ocurrencias"
"coppel","ENTIDAD","ALFA","CHAR(20)","1545 ocurrencias"
"correo","ENTIDAD","ALFA","CHAR(100)","960 ocurrencias"
"correos","ENTIDAD","NUM","INTEGER","8 ocurrencias"
"corresp","ENTIDAD","ALFA","CHAR(4)","95 ocurrencias"
"corresponsal","ENTIDAD","ALFA","CHAR(2)","33 ocurrencias"
"corrige","ACCION","—","—","accion"
"corte","ENTIDAD","FECHA","DATE","1318 ocurrencias"
"cp","ENTIDAD","ALFA","CHAR(4)","6153 ocurrencias"
"cpl","ENTIDAD","ALFA","CHAR(20)","811 ocurrencias"
"crd","ENTIDAD","NUM","INTEGER","320 ocurrencias"
"cre","ENTIDAD","ALFA","CHAR(20)","11662 ocurrencias"
"cred","ENTIDAD","ALFA","CHAR(20)","7838 ocurrencias"
"credisoluciones","ENTIDAD","NUM","DECIMAL(14,2)","8 ocurrencias"
"credito","ENTIDAD","ALFA","CHAR(20)","4141 ocurrencias"
"creditos","ENTIDAD","NUM","INTEGER","105 ocurrencias"
"cta","ENTIDAD","ALFA","CHAR(20)","7687 ocurrencias"
"ctaclabe","ENTIDAD","ALFA","CHAR(18)","88 ocurrencias"
"ctamec","ENTIDAD","?","?","no_evidence"
"ctanvl2","ENTIDAD","NUM","SMALLINT","9 ocurrencias"
"ctas","ENTIDAD","NUM","INTEGER","721 ocurrencias"
"ctasinactivas","ENTIDAD","?","?","no_evidence"
"cte","ENTIDAD","ALFA","CHAR(20)","14522 ocurrencias"
"ctefisico","ENTIDAD","?","?","no_evidence"
"ctepr","ENTIDAD","ALFA","CHAR(20)","204 ocurrencias"
"ctes","ENTIDAD","NUM","INTEGER","304 ocurrencias"
"cuenta","ENTIDAD","ALFA","CHAR(20)","10623 ocurrencias"
"cuentas","ENTIDAD","NUM","INTEGER","498 ocurrencias"
"cve","ENTIDAD","ALFA","CHAR(2)","3826 ocurrencias"
"datos","ENTIDAD","NUM","INTEGER","274 ocurrencias"
"datosdia","ENTIDAD","?","?","no_evidence"
"deb","MODIF","NUM","DECIMAL(18,2)","841 ocurrencias"
"debito","ENTIDAD","NUM","MONEY(14,2)","307 ocurrencias"
"declaracion","ENTIDAD","ALFA","CHAR(1)","22 ocurrencias"
"decodifica","ACCION","—","—","accion"
"denominacion","ENTIDAD","ALFA","CHAR(18)","1088 ocurrencias"
"denominaciones","ENTIDAD","?","?","no_evidence"
"dep","ENTIDAD","ALFA","CHAR(6)","1901 ocurrencias"
"depura","ACCION","—","—","accion"
"depuracion","ACCION","—","—","accion"
"desb","ACCION","—","—","accion"
"desbloquea","ACCION","—","—","accion"
"desbloqueo","ACCION","—","—","accion"
"desc","ENTIDAD","ALFA","CHAR(50)","11354 ocurrencias"
"descarga","ENTIDAD","ALFA","CHAR(100)","330 ocurrencias"
"descripcion","ENTIDAD","ALFA","CHAR(50)","3967 ocurrencias"
"destino","ENTIDAD","ALFA","CHAR(20)","560 ocurrencias"
"det","ENTIDAD","ALFA","CHAR(1)","2005 ocurrencias"
"detalle","ENTIDAD","NUM","INTEGER","264 ocurrencias"
"determina","ACCION","—","—","accion"
"dev","ACCION","—","—","accion"
"devforzada","ACCION","—","—","accion"
"devolucion","ACCION","—","—","accion"
"dia","MODIF","NUM","INTEGER","7589 ocurrencias"
"diario","MODIF","NUM","INTEGER","283 ocurrencias"
"diarios","MODIF","NUM","INTEGER","21 ocurrencias"
"dic","ENTIDAD","ALFA","CHAR(1)","1148 ocurrencias"
"dicta","ENTIDAD","NUM","INTEGER","291 ocurrencias"
"dictamen","ENTIDAD","NUM","INTEGER","255 ocurrencias"
"digi","ACCION","—","—","accion"
"digitalizacion","ENTIDAD","?","?","no_evidence"
"digitalizar","ACCION","—","—","accion"
"digito","ENTIDAD","ALFA","CHAR(1)","227 ocurrencias"
"dinya","ENTIDAD","?","?","no_evidence"
"direccion","ENTIDAD","ALFA","CHAR(40)","746 ocurrencias"
"direcciones","ENTIDAD","NUM","SMALLINT","70 ocurrencias"
"disper","ENTIDAD","NUM","INTEGER","60 ocurrencias"
"dispersion","ENTIDAD","NUM","INTEGER","30 ocurrencias"
"divisa","ENTIDAD","ALFA","CHAR(2)","1221 ocurrencias"
"divisas","ENTIDAD","ALFA","CHAR(33)","1 ocurrencias"
"division","ENTIDAD","NUM","INTEGER","39 ocurrencias"
"docto","ENTIDAD","ALFA","CHAR(4)","539 ocurrencias"
"doctos","ENTIDAD","NUM","INTEGER","20 ocurrencias"
"documento","ENTIDAD","NUM","INTEGER","327 ocurrencias"
"documentos","ENTIDAD","NUM","INTEGER","35 ocurrencias"
"domi","ENTIDAD","ALFA","CHAR(1)","917 ocurrencias"
"domiciliacion","ENTIDAD","ALFA","CHAR(1)","40 ocurrencias"
"domicilio","ENTIDAD","ALFA","CHAR(1)","457 ocurrencias"
"dormidas","MODIF","?","?","no_evidence"
"dotacion","ENTIDAD","NUM","MONEY(14,2)","6 ocurrencias"
"dotaciones","ENTIDAD","NUM","MONEY(14,2)","6 ocurrencias"
"dv","ENTIDAD","ALFA","CHAR(1)","499 ocurrencias"
"edo","ENTIDAD","ALFA","CHAR(4)","1583 ocurrencias"
"edocta","ENTIDAD","NUM","INTEGER","178 ocurrencias"
"edoctacrd","ENTIDAD","NUM","INTEGER","42 ocurrencias"
"efectiva","ENTIDAD","ALFA","CHAR(4)","100 ocurrencias"
"efectivo","ENTIDAD","NUM","INTEGER","288 ocurrencias"
"ejecucion","ENTIDAD","ALFA","CHAR(1)","546 ocurrencias"
"ejecuta","ACCION","—","—","accion"
"ejecutivo","ENTIDAD","ALFA","CHAR(8)","1482 ocurrencias"
"elimina","ACCION","—","—","accion"
"emisor","ENTIDAD","ALFA","CHAR(40)","256 ocurrencias"
"emp","ENTIDAD","ALFA","CHAR(3)","13495 ocurrencias"
"empleado","ENTIDAD","ALFA","CHAR(8)","1497 ocurrencias"
"empresa","ENTIDAD","ALFA","CHAR(3)","10237 ocurrencias"
"empresarial","ENTIDAD","ALFA","CHAR(4)","2 ocurrencias"
"empresas","ENTIDAD","ALFA","CHAR(3)","5 ocurrencias"
"encabezado","ENTIDAD","ALFA","CHAR(100)","180 ocurrencias"
"envia","ACCION","—","—","accion"
"envio","ACCION","—","—","accion"
"envios","ENTIDAD","NUM","SMALLINT","64 ocurrencias"
"error","ENTIDAD","ALFA","CHAR(80)","5112 ocurrencias"
"esp","MODIF","ALFA","CHAR(1)","4133 ocurrencias"
"estadisticas","ENTIDAD","?","?","no_evidence"
"estado","ENTIDAD","ALFA","CHAR(2)","3036 ocurrencias"
"estatus","ENTIDAD","ALFA","CHAR(1)","3124 ocurrencias"
"estatussolic","ENTIDAD","ALFA","CHAR(2)","35 ocurrencias"
"etiqueta","ENTIDAD","ALFA","CHAR(2)","83 ocurrencias"
"evc","ENTIDAD","NUM","INTEGER","28 ocurrencias"
"evento","ENTIDAD","NUM","INTEGER","306 ocurrencias"
"exp","MODIF","FECHA","DATE","664 ocurrencias"
"expediente","ENTIDAD","NUM","INTEGER","116 ocurrencias"
"extemporanea","MODIF","?","?","no_evidence"
"factelect","ENTIDAD","NUM","INTEGER","2 ocurrencias"
"factura","ENTIDAD","ALFA","CHAR(3)","94 ocurrencias"
"facturacion","ENTIDAD","ALFA","CHAR(3)","63 ocurrencias"
"fal","ENTIDAD","NUM","SMALLINT","368 ocurrencias"
"fallecimiento","MODIF","?","?","no_evidence"
"faltantes","MODIF","NUM","INTEGER","35 ocurrencias"
"fatca","REG","—","—","regulacion"
"fc","ENTIDAD","ALFA","CHAR(13)","3797 ocurrencias"
"fecha","ENTIDAD","FECHA","DATE","39789 ocurrencias"
"fechaconsulta","ENTIDAD","FECHA","DATE","126 ocurrencias"
"fechafin","ENTIDAD","FECHA","DATE","2627 ocurrencias"
"fechafinal","ENTIDAD","FECHA","DATE","672 ocurrencias"
"fechainicial","ENTIDAD","FECHA","DATE","605 ocurrencias"
"fechainicio","ENTIDAD","FECHA","DATE","865 ocurrencias"
"fechas","ENTIDAD","FECHA","DATE","803 ocurrencias"
"final","MODIF","FECHA","DATE","1528 ocurrencias"
"firmas","ENTIDAD","ALFA","CHAR(20)","241 ocurrencias"
"fisica","MODIF","ALFA","CHAR(1)","213 ocurrencias"
"fisicas","MODIF","NUM","INTEGER","2 ocurrencias"
"fn","PREFIJO","ALFA","CHAR(16)","508 ocurrencias"
"folio","ENTIDAD","ALFA","CHAR(16)","5972 ocurrencias"
"folionomina","ENTIDAD","?","?","no_evidence"
"folsuc","ENTIDAD","ALFA","CHAR(16)","93 ocurrencias"
"forma","ACCION","—","—","accion"
"forzada","MODIF","NUM","INTEGER","45 ocurrencias"
"frecpago","ENTIDAD","ALFA","CHAR(1)","49 ocurrencias"
"ftc","ENTIDAD","?","?","no_evidence"
"fus","ACCION","—","—","accion"
"fus2","AMBIGUO","?","?","no_evidence"
"fusion","ACCION","—","—","accion"
"fusionados","MODIF","NUM","INTEGER","36 ocurrencias"
"garantia","ENTIDAD","NUM","SMALLINT","69 ocurrencias"
"gdf","ENTIDAD","NUM","INTEGER","49 ocurrencias"
"gen","ACCION","—","—","accion"
"genera","ACCION","—","—","accion"
"generafechpagoreestructura","ACCION","—","—","accion"
"generafolionomina","ACCION","—","—","accion"
"general","MODIF","NUM","INTEGER","212 ocurrencias"
"generaredoctaeje","ACCION","—","—","accion"
"genrep","ACCION","—","—","accion"
"graba","ACCION","—","—","accion"
"gral","MODIF","ALFA","CHAR(150)","382 ocurrencias"
"grupo","ENTIDAD","NUM","INTEGER","1680 ocurrencias"
"guarda","ACCION","—","—","accion"
"habil","ENTIDAD","FECHA","DATE","239 ocurrencias"
"hipoteca","ENTIDAD","NUM","DECIMAL(14,2)","26 ocurrencias"
"hipotecario","ENTIDAD","ALFA","CHAR(1)","11 ocurrencias"
"his","MODIF","ALFA","CHAR(10)","1338 ocurrencias"
"hist","MODIF","NUM","INTEGER","772 ocurrencias"
"historico","MODIF","ALFA","CHAR(1)","75 ocurrencias"
"hora","ENTIDAD","FECHA","DATETIME","4108 ocurrencias"
"hoy","MODIF","FECHA","DATE","4209 ocurrencias"
"huella","ENTIDAD","ALFA","CHAR(1)","156 ocurrencias"
"huellas","ENTIDAD","NUM","SMALLINT","17 ocurrencias"
"iccat","ENTIDAD","?","?","no_evidence"
"ics","ENTIDAD","NUM","INTEGER","87 ocurrencias"
"id","ENTIDAD","NUM","INTEGER","32481 ocurrencias"
"identificacion","ENTIDAD","ALFA","CHAR(30)","440 ocurrencias"
"idfuncion","ENTIDAD","ALFA","CHAR(10)","5928 ocurrencias"
"idfuncionc","ENTIDAD","ALFA","CHAR(10)","12 ocurrencias"
"imagen","ENTIDAD","NUM","INTEGER","302 ocurrencias"
"imagenes","ENTIDAD","NUM","INTEGER","34 ocurrencias"
"imp","ENTIDAD","NUM","MONEY(16,2)","5463 ocurrencias"
"importe","ENTIDAD","NUM","MONEY(16,2)","3475 ocurrencias"
"impuesto","REG","—","—","regulacion"
"inactiv","MODIF","NUM","INTEGER","62 ocurrencias"
"inactivas","MODIF","NUM","INTEGER","11 ocurrencias"
"indicador","ENTIDAD","ALFA","CHAR(1)","233 ocurrencias"
"indicadores","ENTIDAD","ALFA","CHAR(14)","10 ocurrencias"
"ine","REG","—","—","regulacion"
"inf","ENTIDAD","ALFA","CHAR(80)","3133 ocurrencias"
"info","ENTIDAD","ALFA","CHAR(80)","2793 ocurrencias"
"ingreso","ENTIDAD","NUM","MONEY(14,2)","743 ocurrencias"
"inicia","ACCION","—","—","accion"
"inicial","MODIF","FECHA","DATE","1325 ocurrencias"
"inicializa","ACCION","—","—","accion"
"inicio","MODIF","FECHA","DATE","1747 ocurrencias"
"inmediato","MODIF","ALFA","CHAR(60)","33 ocurrencias"
"innovattia","ENTIDAD","?","?","no_evidence"
"ins","ACCION","—","—","accion"
"inserta","ACCION","—","—","accion"
"int","ENTIDAD","NUM","DECIMAL(18,2)","12634 ocurrencias"
"intercambio","ENTIDAD","NUM","INTEGER","12 ocurrencias"
"interes","ENTIDAD","NUM","MONEY(18,2)","3189 ocurrencias"
"intereses","ENTIDAD","NUM","DECIMAL(18,2)","558 ocurrencias"
"inv","ENTIDAD","ALFA","CHAR(1)","644 ocurrencias"
"invalido","MODIF","NUM","INTEGER","76 ocurrencias"
"inversion","ENTIDAD","ALFA","CHAR(25)","208 ocurrencias"
"ipab","REG","—","—","regulacion"
"isr","REG","—","—","regulacion"
"iva","REG","—","—","regulacion"
"ivasart61","REG","—","—","regulacion"
"ivr","MODIF","ALFA","CHAR(35)","18 ocurrencias"
"layout","ENTIDAD","NUM","INTEGER","62 ocurrencias"
"libro","ENTIDAD","ALFA","CHAR(10)","3 ocurrencias"
"lincred","ENTIDAD","NUM","DECIMAL(18,2)","245 ocurrencias"
"linea","ENTIDAD","NUM","DECIMAL(18,2)","1676 ocurrencias"
"liq","ENTIDAD","NUM","MONEY(16,2)","1100 ocurrencias"
"liquidacion","ENTIDAD","NUM","DECIMAL(18,2)","174 ocurrencias"
"local","MODIF","ALFA","CHAR(4)","613 ocurrencias"
"lote","ENTIDAD","NUM","SMALLINT","934 ocurrencias"
"mac","ENTIDAD","ALFA","CHAR(12)","1124 ocurrencias"
"mail","ENTIDAD","ALFA","CHAR(60)","836 ocurrencias"
"manco","ENTIDAD","NUM","INTEGER","83 ocurrencias"
"manual","MODIF","NUM","DECIMAL(18,2)","66 ocurrencias"
"maquila","ENTIDAD","ALFA","CHAR(1)","47 ocurrencias"
"marca","ENTIDAD","ALFA","CHAR(2)","327 ocurrencias"
"marcas","ENTIDAD","NUM","INTEGER","7 ocurrencias"
"masiva","MODIF","NUM","DECIMAL(14,2)","28 ocurrencias"
"masivo","MODIF","?","?","no_evidence"
"max","MODIF","NUM","INTEGER","2819 ocurrencias"
"mayor","ENTIDAD","ALFA","CHAR(4)","604 ocurrencias"
"mc","ENTIDAD","ALFA","CHAR(20)","17987 ocurrencias"
"medioacceso","ENTIDAD","ALFA","CHAR(1)","5 ocurrencias"
"mensaje","ENTIDAD","ALFA","CHAR(80)","6614 ocurrencias"
"mensajes","ENTIDAD","ALFA","CHAR(80)","98 ocurrencias"
"mensual","MODIF","NUM","DECIMAL(18,2)","767 ocurrencias"
"mes","ENTIDAD","FECHA","DATE","7602 ocurrencias"
"mesa","ENTIDAD","FECHA","DATE","824 ocurrencias"
"mesas","ENTIDAD","NUM","MONEY(14,2)","33 ocurrencias"
"mib","ENTIDAD","ALFA","CHAR(3)","14 ocurrencias"
"mnsj","PREFIJO","ALFA","CHAR(1)","10 ocurrencias"
"mnsjr","PREFIJO","ALFA","CHAR(5)","1 ocurrencias"
"modifica","ACCION","—","—","accion"
"modificacion","ACCION","—","—","accion"
"mon","PREFIJO","NUM","MONEY(14,2)","11125 ocurrencias"
"monitor","ENTIDAD","ALFA","CHAR(1)","28 ocurrencias"
"monitoreo","ENTIDAD","ALFA","CHAR(1)","20 ocurrencias"
"monitorsol","ENTIDAD","?","?","no_evidence"
"monto","ENTIDAD","NUM","MONEY(14,2)","9360 ocurrencias"
"moral","MODIF","ALFA","CHAR(20)","38 ocurrencias"
"motivo","ENTIDAD","ALFA","CHAR(2)","1453 ocurrencias"
"motor","ENTIDAD","ALFA","CHAR(8)","321 ocurrencias"
"mov","ENTIDAD","FECHA","DATE","4747 ocurrencias"
"mover","ACCION","—","—","accion"
"movhis","ENTIDAD","ALFA","CHAR(10)","378 ocurrencias"
"movil","MODIF","NUM","INTEGER","251 ocurrencias"
"movimiento","ENTIDAD","FECHA","DATE","836 ocurrencias"
"movimientos","ENTIDAD","FECHA","DATE","131 ocurrencias"
"movs","ENTIDAD","NUM","MONEY(18,2)","523 ocurrencias"
"movto","ENTIDAD","NUM","INTEGER","494 ocurrencias"
"msi","ENTIDAD","NUM","DECIMAL(18,2)","152 ocurrencias"
"msj","ENTIDAD","ALFA","CHAR(80)","295 ocurrencias"
"mueve","ACCION","—","—","accion"
"nacionalidad","ENTIDAD","ALFA","CHAR(3)","438 ocurrencias"
"nip","ENTIDAD","FECHA","DATE","237 ocurrencias"
"nom","ENTIDAD","ALFA","CHAR(40)","22105 ocurrencias"
"nombre","ENTIDAD","ALFA","CHAR(26)","14396 ocurrencias"
"nombreref","ENTIDAD","ALFA","CHAR(104)","69 ocurrencias"
"nomina","ENTIDAD","ALFA","CHAR(18)","1322 ocurrencias"
"notifi","ACCION","—","—","accion"
"notifica","ACCION","—","—","accion"
"num","ENTIDAD","ALFA","CHAR(20)","37724 ocurrencias"
"numcred","ENTIDAD","ALFA","CHAR(20)","1791 ocurrencias"
"numcredito","ENTIDAD","ALFA","CHAR(20)","1382 ocurrencias"
"numcte","ENTIDAD","ALFA","CHAR(20)","6995 ocurrencias"
"numcuenta","ENTIDAD","ALFA","CHAR(20)","810 ocurrencias"
"numempleado","ENTIDAD","ALFA","CHAR(8)","521 ocurrencias"
"numproducto","ENTIDAD","ALFA","CHAR(4)","649 ocurrencias"
"numsol","ENTIDAD","ALFA","CHAR(20)","1061 ocurrencias"
"numsolicitud","ENTIDAD","ALFA","CHAR(20)","568 ocurrencias"
"numsucursal","ENTIDAD","ALFA","CHAR(4)","328 ocurrencias"
"numtarjeta","ENTIDAD","ALFA","CHAR(16)","1398 ocurrencias"
"obt","ACCION","—","—","accion"
"obten","ACCION","—","—","accion"
"obtener","ACCION","—","—","accion"
"obtiene","ACCION","—","—","accion"
"ofi","ENTIDAD","NUM","INTEGER","1278 ocurrencias"
"oficio","ENTIDAD","NUM","INT","345 ocurrencias"
"online","ENTIDAD","NUM","INTEGER","41 ocurrencias"
"opcion","ENTIDAD","ALFA","CHAR(1)","556 ocurrencias"
"ope","ACCION","—","—","accion"
"operacion","ACCION","—","—","accion"
"operaciones","ENTIDAD","NUM","INTEGER","238 ocurrencias"
"ord","ENTIDAD","ALFA","CHAR(20)","2626 ocurrencias"
"orden","ENTIDAD","ALFA","CHAR(20)","790 ocurrencias"
"ordenante","ENTIDAD","ALFA","CHAR(40)","330 ocurrencias"
"ordenes","ENTIDAD","NUM","DECIMAL(18,2)","2 ocurrencias"
"ordenpago","ENTIDAD","ALFA","CHAR(12)","2 ocurrencias"
"origen","ENTIDAD","ALFA","CHAR(3)","2377 ocurrencias"
"oro","ENTIDAD","NUM","INTEGER","289 ocurrencias"
"os","ENTIDAD","NUM","INTEGER","24351 ocurrencias"
"oxo","ENTIDAD","?","?","no_evidence"
"oxxo","ENTIDAD","ALFA","CHAR(9)","7 ocurrencias"
"pagare","ENTIDAD","NUM","SMALLINT","46 ocurrencias"
"pagares","ENTIDAD","NUM","SMALLINT","4 ocurrencias"
"pago","ENTIDAD","NUM","DECIMAL(18,2)","6909 ocurrencias"
"pagos","ENTIDAD","NUM","INTEGER","1099 ocurrencias"
"pais","ENTIDAD","ALFA","CHAR(3)","959 ocurrencias"
"param","ENTIDAD","NUM","INTEGER","1338 ocurrencias"
"parametrico","ENTIDAD","ALFA","CHAR(1)","41 ocurrencias"
"parametro","ENTIDAD","NUM","INTEGER","165 ocurrencias"
"parametros","ENTIDAD","ALFA","CHAR(8)","34 ocurrencias"
"parentesco","ENTIDAD","ALFA","CHAR(2)","264 ocurrencias"
"pasa","ACCION","—","—","accion"
"pase","ACCION","—","—","accion"
"pasecheq","ACCION","—","—","accion"
"pasecont","ACCION","—","—","accion"
"pba","MODIF","ALFA","CHAR(1)","42 ocurrencias"
"perfil","ENTIDAD","NUM","INTEGER","258 ocurrencias"
"periodicidad","MODIF","ALFA","CHAR(1)","118 ocurrencias"
"periodo","ENTIDAD","FECHA","DATE","1509 ocurrencias"
"pieza","ENTIDAD","NUM","INTEGER","173 ocurrencias"
"piezas","ENTIDAD","NUM","INTEGER","40 ocurrencias"
"pin","ENTIDAD","NUM","DECIMAL(18,2)","351 ocurrencias"
"plantilla","ENTIDAD","ALFA","CHAR(255)","233 ocurrencias"
"plaza","ENTIDAD","ALFA","CHAR(3)","774 ocurrencias"
"plazo","ENTIDAD","NUM","INTEGER","1005 ocurrencias"
"pld","REG","—","—","regulacion"
"politica","ENTIDAD","?","?","no_evidence"
"poliza","ENTIDAD","NUM","INTEGER","372 ocurrencias"
"por","MODIF","NUM","DECIMAL(18,2)","8592 ocurrencias"
"portab","ENTIDAD","ALFA","CHAR(2)","61 ocurrencias"
"portabilidad","ENTIDAD","ALFA","CHAR(2)","53 ocurrencias"
"portanom","ENTIDAD","?","?","no_evidence"
"pos","ENTIDAD","ALFA","CHAR(5)","3456 ocurrencias"
"pp","ENTIDAD","ALFA","CHAR(20)","3169 ocurrencias"
"presenta","ACCION","—","—","accion"
"presentacion","ENTIDAD","ALFA","CHAR(8)","211 ocurrencias"
"presentado","MODIF","ALFA","CHAR(1)","102 ocurrencias"
"prestamo","ENTIDAD","NUM","INTEGER","341 ocurrencias"
"prestamos","ENTIDAD","NUM","INTEGER","184 ocurrencias"
"preventivo","MODIF","?","?","no_evidence"
"primer","MODIF","FECHA","DATE","662 ocurrencias"
"principal","ENTIDAD","ALFA","CHAR(8)","116 ocurrencias"
"proac","ENTIDAD","NUM","DECIMAL(18,2)","64 ocurrencias"
"proc","ENTIDAD","ALFA","CHAR(1)","4925 ocurrencias"
"procede","ACCION","—","—","accion"
"procesa","ACCION","—","—","accion"
"proceso","ENTIDAD","ALFA","CHAR(1)","2960 ocurrencias"
"prod","ENTIDAD","ALFA","CHAR(4)","7024 ocurrencias"
"producto","ENTIDAD","ALFA","CHAR(4)","5020 ocurrencias"
"productos","ENTIDAD","ALFA","CHAR(100)","72 ocurrencias"
"productotransaccion","ENTIDAD","?","?","no_evidence"
"promocion","ENTIDAD","NUM","SMALLINT","116 ocurrencias"
"propuesta","ENTIDAD","FECHA","DATE","1 ocurrencias"
"prospectos","ENTIDAD","NUM","INTEGER","8 ocurrencias"
"puntos","ENTIDAD","NUM","DECIMAL(9,2)","184 ocurrencias"
"quincena","ENTIDAD","FECHA","DATE","117 ocurrencias"
"rastreo","ENTIDAD","ALFA","CHAR(30)","266 ocurrencias"
"rcda","ENTIDAD","ALFA","CHAR(1)","11 ocurrencias"
"realiza","ACCION","—","—","accion"
"rec","ACCION","—","—","accion"
"reccancelacion","ACCION","—","—","accion"
"recdevolucion","ACCION","—","—","accion"
"receptor","ENTIDAD","ALFA","CHAR(40)","335 ocurrencias"
"recextemporanea","ACCION","—","—","accion"
"recompensa","ENTIDAD","NUM","INTEGER","62 ocurrencias"
"recordenpago","ACCION","—","—","accion"
"recupera","ACCION","—","—","accion"
"recuperacion","ACCION","—","—","accion"
"reestructura","ACCION","—","—","accion"
"reevaluacion","ACCION","—","—","accion"
"ref","AMBIGUO","ALFA","CHAR(40)","6035 ocurrencias"
"referencia","ENTIDAD","ALFA","CHAR(40)","2977 ocurrencias"
"reg","ACCION","—","—","accion"
"regex","ENTIDAD","NUM","INTEGER","6 ocurrencias"
"region","ENTIDAD","ALFA","CHAR(3)","467 ocurrencias"
"registra","ACCION","—","—","accion"
"registro","ENTIDAD","NUM","INTEGER","8933 ocurrencias"
"registros","ENTIDAD","NUM","INTEGER","7252 ocurrencias"
"regordenctecte","ACCION","—","—","accion"
"reinicia","ACCION","—","—","accion"
"reinicio","ACCION","—","—","accion"
"rem","ENTIDAD","NUM","MONEY(14,2)","1397 ocurrencias"
"remanente","MODIF","NUM","MONEY(14,2)","149 ocurrencias"
"remesa","ENTIDAD","ALFA","CHAR(20)","274 ocurrencias"
"remesadora","ENTIDAD","NUM","SMALLINT","48 ocurrencias"
"remesas","ENTIDAD","NUM","MONEY(14,2)","33 ocurrencias"
"rep","ACCION","—","—","accion"
"repipab","ENTIDAD","?","?","no_evidence"
"reporte","ENTIDAD","ALFA","CHAR(100)","1089 ocurrencias"
"reportes","ENTIDAD","NUM","SMALLINT","10 ocurrencias"
"reproceso","ACCION","—","—","accion"
"reserva","ENTIDAD","NUM","DECIMAL(18,2)","245 ocurrencias"
"respalda","ACCION","—","—","accion"
"respaldo","ENTIDAD","ALFA","CHAR(50)","79 ocurrencias"
"respuesta","ENTIDAD","ALFA","CHAR(5)","905 ocurrencias"
"resultado","ENTIDAD","ALFA","CHAR(30)","2835 ocurrencias"
"retenido","MODIF","NUM","DECIMAL(18,2)","515 ocurrencias"
"retiro","ENTIDAD","ALFA","CHAR(2)","421 ocurrencias"
"retiros","ENTIDAD","ALFA","CHAR(2)","199 ocurrencias"
"rev","ACCION","—","—","accion"
"reversa","ACCION","—","—","accion"
"reversion","ACCION","—","—","accion"
"reverso","ACCION","—","—","accion"
"revision","ENTIDAD","NUM","INTEGER","125 ocurrencias"
"rfc","ENTIDAD","ALFA","CHAR(13)","3131 ocurrencias"
"ris","ENTIDAD","ALFA","CHAR(40)","39 ocurrencias"
"ro","ENTIDAD","NUM","INTEGER","43237 ocurrencias"
"rol","ENTIDAD","NUM","INTEGER","530 ocurrencias"
"rpt","ENTIDAD","ALFA","CHAR(150)","113 ocurrencias"
"rst","ENTIDAD","ALFA","CHAR(40)","333 ocurrencias"
"ruta","ENTIDAD","ALFA","CHAR(100)","2031 ocurrencias"
"sac","ENTIDAD","ALFA","CHAR(4)","6137 ocurrencias"
"saldo","ENTIDAD","NUM","DECIMAL(18,2)","4096 ocurrencias"
"saldos","ENTIDAD","NUM","MONEY(14,2)","333 ocurrencias"
"salida","ENTIDAD","ALFA","CHAR(100)","240 ocurrencias"
"sat","REG","—","—","regulacion"
"sbc","ENTIDAD","NUM","MONEY(14,2)","593 ocurrencias"
"scoring","ENTIDAD","NUM","SMALLINT","103 ocurrencias"
"sd","ENTIDAD","NUM","DECIMAL(18,2)","8201 ocurrencias"
"sdo","ENTIDAD","NUM","DECIMAL(18,2)","5833 ocurrencias"
"sdodisp","ENTIDAD","NUM","MONEY(14,2)","329 ocurrencias"
"sdos","ENTIDAD","NUM","MONEY(14,2)","198 ocurrencias"
"secuencia","ENTIDAD","NUM","INTEGER","3500 ocurrencias"
"seg","ENTIDAD","ALFA","CHAR(3)","1277 ocurrencias"
"servicio","ENTIDAD","ALFA","CHAR(1)","450 ocurrencias"
"sif","ENTIDAD","NUM","INTEGER","406 ocurrencias"
"sistema","ENTIDAD","ALFA","CHAR(2)","1037 ocurrencias"
"situacion","ENTIDAD","ALFA","CHAR(1)","766 ocurrencias"
"situaciones","ENTIDAD","ALFA","CHAR(1)","184 ocurrencias"
"sms","ENTIDAD","ALFA","CHAR(1)","403 ocurrencias"
"soc","ENTIDAD","ALFA","CHAR(60)","971 ocurrencias"
"soe","ENTIDAD","NUM","INTEGER","17 ocurrencias"
"sol","ENTIDAD","ALFA","CHAR(20)","6760 ocurrencias"
"solic","ENTIDAD","ALFA","CHAR(20)","3783 ocurrencias"
"solicitud","ENTIDAD","ALFA","CHAR(20)","3063 ocurrencias"
"solicitudes","ENTIDAD","NUM","INTEGER","139 ocurrencias"
"solin","ENTIDAD","NUM","MONEY(16,2)","18 ocurrencias"
"sorteo","ENTIDAD","ALFA","CHAR(5)","84 ocurrencias"
"sp","PREFIJO","NUM","INTEGER","16580 ocurrencias"
"spei","PREFIJO","NUM","INTEGER","411 ocurrencias"
"split","ACCION","—","—","accion"
"sps","PREFIJO","ALFA","CHAR(5)","110 ocurrencias"
"ss","ENTIDAD","ALFA","CHAR(2)","5930 ocurrencias"
"stat06","ENTIDAD","ALFA","CHAR(16)","5 ocurrencias"
"sub","MODIF","ALFA","CHAR(2)","2617 ocurrencias"
"subproducto","ENTIDAD","ALFA","CHAR(4)","46 ocurrencias"
"suc","MODIF","ALFA","CHAR(4)","13564 ocurrencias"
"sucursal","ENTIDAD","ALFA","CHAR(4)","9424 ocurrencias"
"supervision","ENTIDAD","ALFA","CHAR(1)","1 ocurrencias"
"susc","ENTIDAD","NUM","DECIMAL(14,2)","42 ocurrencias"
"suscriptores","ACCION","—","—","accion"
"sv","ENTIDAD","NUM","INTEGER","1635 ocurrencias"
"sw","ENTIDAD","ALFA","CHAR(8)","273 ocurrencias"
"synmotor","ENTIDAD","?","?","no_evidence"
"tar","ENTIDAD","ALFA","CHAR(20)","7094 ocurrencias"
"tarjeta","ENTIDAD","ALFA","CHAR(20)","4680 ocurrencias"
"tarjetas","ENTIDAD","NUM","INTEGER","108 ocurrencias"
"tasa","ENTIDAD","NUM","DECIMAL(9,6)","2462 ocurrencias"
"tbl","ENTIDAD","NUM","INTEGER","83 ocurrencias"
"tco","ENTIDAD","NUM","INTEGER","1144 ocurrencias"
"tdc","ENTIDAD","NUM","INTEGER","303 ocurrencias"
"tdd","ENTIDAD","NUM","INTEGER","5 ocurrencias"
"tef","ENTIDAD","NUM","INTEGER","602 ocurrencias"
"tel","ENTIDAD","ALFA","CHAR(13)","5540 ocurrencias"
"telefonico","MODIF","?","?","no_evidence"
"telefono","ENTIDAD","ALFA","CHAR(13)","2581 ocurrencias"
"telefonos","ENTIDAD","ALFA","CHAR(30)","98 ocurrencias"
"tels","ENTIDAD","NUM","INTEGER","59 ocurrencias"
"temp","MODIF","ALFA","CHAR(942)","823 ocurrencias"
"tienda","ENTIDAD","NUM","SMALLINT","252 ocurrencias"
"tiir","ENTIDAD","?","?","no_evidence"
"tipo","MODIF","ALFA","CHAR(1)","12046 ocurrencias"
"titular","ENTIDAD","ALFA","CHAR(1)","451 ocurrencias"
"titulo","ENTIDAD","ALFA","CHAR(255)","94 ocurrencias"
"token","ENTIDAD","ALFA","CHAR(9)","646 ocurrencias"
"total","MODIF","NUM","INTEGER","7842 ocurrencias"
"totales","MODIF","NUM","INTEGER","122 ocurrencias"
"tp","MODIF","ALFA","CHAR(1)","3214 ocurrencias"
"tpcalculo","ENTIDAD","?","?","no_evidence"
"trae","ACCION","—","—","accion"
"trans","ENTIDAD","ALFA","CHAR(4)","7990 ocurrencias"
"transacc","ENTIDAD","ALFA","CHAR(4)","4561 ocurrencias"
"transaccion","ENTIDAD","ALFA","CHAR(4)","2290 ocurrencias"
"transfer","ENTIDAD","ALFA","CHAR(30)","419 ocurrencias"
"transportadora","ENTIDAD","?","?","no_evidence"
"traspas","ACCION","—","—","accion"
"traspaso","ACCION","—","—","accion"
"ultimas","MODIF","NUM","INTEGER","1 ocurrencias"
"upd","ACCION","—","—","accion"
"upgrade","ACCION","—","—","accion"
"usuario","ENTIDAD","ALFA","CHAR(8)","11363 ocurrencias"
"usuarios","ENTIDAD","ALFA","CHAR(8)","161 ocurrencias"
"valida","ACCION","—","—","accion"
"validacion","ACCION","—","—","accion"
"valor","ENTIDAD","ALFA","CHAR(100)","2984 ocurrencias"
"venc","ENTIDAD","NUM","DECIMAL(18,2)","3843 ocurrencias"
"vencimiento","ENTIDAD","FECHA","DATE","278 ocurrencias"
"venio","ENTIDAD","ALFA","CHAR(3)","1505 ocurrencias"
"verifica","ACCION","—","—","accion"
"visual","MODIF","?","?","no_evidence"
"web","MODIF","ALFA","CHAR(128)","52 ocurrencias"
"wu","ENTIDAD","ALFA","CHAR(8)","164 ocurrencias"
"x","MODIF","NUM","INTEGER","16939 ocurrencias"
"xml","ENTIDAD","ALFA","CHAR(4)","25 ocurrencias"
"zona","ENTIDAD","ALFA","CHAR(32)","582 ocurrencias"
