MANDT,VBELN,ERDAT,KUNNR,NETWR,WAERK,VKORG,AUART,VBTYP
100,4500000001,20231020,0000010049,12683369,EUR,1000,TA,C
100,4500000002,20230218,0000010200,10517309,MXN,1000,TA,C
100,4500000003,20231007,0000010085,6708854,EUR,1000,TA,C
100,4500000004,20240323,0000010095,3161894,MXN,1000,TA,C
100,4500000005,20240326,0000010191,5350495,MXN,1000,TA,C
100,4500000006,20230711,0000010087,1715735,MXN,1000,TA,C
100,4500000007,20240524,0000010178,5263744,USD,1000,TA,C
100,4500000008,20231001,0000010133,12020358,MXN,1000,TA,C
100,4500000009,20240310,0000010187,15561921,MXN,1000,TA,C
100,4500000010,20240908,0000010111,7746956,MXN,1000,TA,C
100,4500000011,20231028,0000010140,10473205,MXN,1000,TA,C
100,4500000012,20230323,0000010027,16778525,MXN,1000,TA,C
100,4500000013,20231030,0000010170,1552195,MXN,1000,TA,C
100,4500000014,20240909,0000010115,21194932,MXN,1000,TA,C
100,4500000015,20230620,0000010110,13595356,JPY,1000,TA,C
100,4500000016,20231226,0000010114,2108737,EUR,1000,TA,C
100,4500000017,20250114,0000010011,8980999,MXN,1000,TA,C
100,4500000018,20240321,0000010158,895646,MXN,1000,TA,C
100,4500000019,20250321,0000010164,4704668,MXN,1000,TA,C
100,4500000020,20241118,0000010020,4906337,MXN,1000,TA,C
100,4500000021,20240108,0000010104,18401656,USD,1000,TA,C
100,4500000022,20241126,0000010192,13594970,USD,1000,TA,C
100,4500000023,20230527,0000010008,10197055,MXN,1000,TA,C
100,4500000024,20250311,0000010174,13938556,USD,1000,TA,C
100,4500000025,20230510,0000010009,14287343,MXN,1000,TA,C
100,4500000026,20250308,0000010061,12204807,MXN,1000,TA,C
100,4500000027,20240106,0000010094,4215435,EUR,1000,TA,C
100,4500000028,20230203,0000010146,1046998,MXN,1000,TA,C
100,4500000029,20241126,0000010040,5029008,USD,1000,TA,C
100,4500000030,20240116,0000010095,5655776,MXN,1000,TA,C
100,4500000031,20230320,0000010196,12164683,MXN,1000,TA,C
100,4500000032,20240626,0000010036,6238220,USD,1000,TA,C
100,4500000033,20231118,0000010102,7889944,MXN,1000,TA,C
100,4500000034,20230913,0000010072,26052006,EUR,1000,TA,C
100,4500000035,20250123,0000010007,12367224,MXN,1000,TA,C
100,4500000036,20240614,0000010128,14981577,MXN,1000,TA,C
100,4500000037,20230501,0000010144,22609376,MXN,1000,TA,C
100,4500000038,00000000,,17943168,MXN,1000,TA,C
100,4500000039,20241221,0000010067,1003509,CLP,1000,TA,C
100,4500000040,20240918,0000010055,986811,MXN,1000,TA,C
100,4500000041,20240517,0000010178,1779480,MXN,1000,TA,C
100,4500000042,20230519,0000010032,14826748,MXN,1000,TA,C
100,4500000043,20240407,0009990042,17820155,MXN,1000,TA,C
100,4500000044,20240331,0000010183,7273251,MXN,1000,TA,C
100,4500000045,20250409,0009990044,5631846,MXN,1000,TA,C
100,4500000046,20241114,0000010082,2992580,EUR,1000,TA,C
100,4500000047,20230308,0000010182,21247796,MXN,1000,TA,C
100,4500000048,20231025,0000010139,9204062,USD,1000,TA,C
100,4500000049,20241229,0000010041,12186862,MXN,1000,TA,C
100,4500000050,20241015,0000010180,19065134,JPY,1000,TA,C
100,4500000051,20240604,0000010093,12102956,MXN,1000,TA,C
100,4500000052,20230725,0000010032,7898046,MXN,1000,TA,C
100,4500000053,20250320,0000010061,7484483,MXN,1000,TA,C
100,4500000054,20240105,0000010007,12746608,USD,1000,TA,C
100,4500000055,20240113,0000010147,6362694,USD,1000,TA,C
100,4500000056,20230513,0000010142,8738346,MXN,1000,TA,C
100,4500000057,20230309,0000010023,16789855,USD,1000,TA,C
100,4500000058,20250104,0000010102,10535612,MXN,1000,TA,C
100,4500000059,20240622,0000010123,9914305,JPY,1000,TA,C
100,4500000060,20240224,0000010197,11154470,MXN,1000,TA,C
100,4500000061,20230509,0000010019,9562957,USD,1000,TA,C
100,4500000062,20230317,0000010165,17356275,MXN,1000,TA,C
100,4500000063,20241127,0000010120,2047277,MXN,1000,TA,C
100,4500000064,20230512,0000010089,9142977,USD,1000,TA,C
100,4500000065,20241017,0000010142,6615777,CLP,1000,TA,C
100,4500000066,20250225,0000010047,9401469,USD,1000,TA,C
100,4500000067,20240529,0000010111,606309,MXN,1000,TA,C
100,4500000068,20240614,0000010032,18723320,MXN,1000,TA,C
100,4500000069,20230618,0000010078,4653733,MXN,1000,TA,C
100,4500000070,20241227,0000010083,6248161,MXN,1000,TA,C
100,4500000071,20240615,0000010089,2456794,MXN,1000,TA,C
100,4500000072,20230914,0000010021,7561028,MXN,1000,TA,C
100,4500000073,20240718,0000010163,27631698,MXN,1000,TA,C
100,4500000074,20241002,0000010033,10799712,MXN,1000,TA,C
100,4500000075,20240630,0000010158,14299583,MXN,1000,TA,C
100,4500000076,20241018,0000010129,3766503,MXN,1000,TA,C
100,4500000077,20240817,0000010152,14197456,MXN,1000,TA,C
100,4500000078,20241105,0000010044,11108635,MXN,1000,TA,C
100,4500000079,20240911,0000010185,197623,USD,1000,TA,C
100,4500000080,20230212,0000010145,18278530,MXN,1000,TA,C
100,4500000081,20230216,0000010021,8929940,MXN,1000,TA,C
100,4500000082,20240813,0000010198,12649765,EUR,1000,TA,C
100,4500000083,20230804,0000010167,2334900,MXN,1000,TA,C
100,4500000084,20240302,0000010147,22269384,CLP,1000,TA,C
100,4500000085,20230201,0000010164,10021542,USD,1000,TA,C
100,4500000086,20240712,0000010161,11751776,USD,1000,TA,C
100,4500000087,20231106,0000010165,462760,MXN,1000,TA,C
100,4500000088,20250404,0000010063,2419820,USD,1000,TA,C
100,4500000089,20231101,0000010104,18431446,EUR,1000,TA,C
100,4500000090,20241206,0000010019,4766320,MXN,1000,TA,C
100,4500000091,20240326,0000010041,9646059,MXN,1000,TA,C
100,4500000092,20240420,0000010124,24302359,MXN,1000,TA,C
100,4500000093,20240913,0000010088,544684,MXN,1000,TA,C
100,4500000094,20250601,0000010081,2847176,MXN,1000,TA,C
100,4500000095,20250121,0000010082,12515774,JPY,1000,TA,C
100,4500000096,20230514,0000010103,7630328,MXN,1000,TA,C
100,4500000097,20240611,0000010095,4364030,CLP,1000,TA,C
100,4500000098,20231123,0000010028,13479604,USD,1000,TA,C
100,4500000099,20230506,0000010120,12109674,MXN,1000,TA,C
100,4500000100,20230911,0000010116,3671823,MXN,1000,TA,C
100,4500000101,20230221,0000010025,12654300,MXN,1000,TA,C
100,4500000102,20250603,0000010099,3867264,MXN,1000,TA,C
100,4500000103,20230912,0000010108,5900700,USD,1000,TA,C
100,4500000104,20240814,0000010084,10393144,MXN,1000,TA,C
100,4500000105,20230714,0000010081,7779122,JPY,1000,TA,C
100,4500000106,20240525,0000010041,15848774,CLP,1000,TA,C
100,4500000107,20240525,0000010120,227932,USD,1000,TA,C
100,4500000108,20230124,0000010128,7938792,MXN,1000,TA,C
100,4500000109,20240601,0000010101,11441627,MXN,1000,TA,C
100,4500000110,20230809,0000010062,18639383,MXN,1000,TA,C
100,4500000111,20230219,0000010091,6141471,USD,1000,TA,C
100,4500000112,20240521,0000010073,14711944,MXN,1000,TA,C
100,4500000113,20241119,0000010168,10963484,USD,1000,TA,C
100,4500000114,20240703,0000010074,13235460,USD,1000,TA,C
100,4500000115,20240317,0000010028,5984121,MXN,1000,TA,C
100,4500000116,20250114,0000010068,23164583,MXN,1000,TA,C
100,4500000117,20240217,0000010196,13422563,MXN,1000,TA,C
100,4500000118,20240215,0000010012,7284381,MXN,1000,TA,C
100,4500000119,20240729,0000010146,2831529,MXN,1000,TA,C
100,4500000120,20240720,0000010093,5004387,MXN,1000,TA,C
100,4500000121,20240131,0000010019,19921711,MXN,1000,TA,C
100,4500000122,20250221,0000010116,11013179,USD,1000,TA,C
100,4500000123,20250425,0000010072,1417352,USD,1000,TA,C
100,4500000124,20240917,0000010175,599004,USD,1000,TA,C
100,4500000125,20230410,0000010033,8960847,MXN,1000,TA,C
100,4500000126,20250324,0000010096,4526352,MXN,1000,TA,C
100,4500000127,20240110,0000010143,15836762,MXN,1000,TA,C
100,4500000128,20230723,0000010037,5513688,CLP,1000,TA,C
100,4500000129,20240216,0000010131,13865872,USD,1000,TA,C
100,4500000130,20230216,0000010011,6647852,USD,1000,TA,C
100,4500000131,20241231,0000010036,8520919,MXN,1000,TA,C
100,4500000132,20240615,0000010122,15227857,MXN,1000,TA,C
100,4500000133,20240912,0000010039,3310146,MXN,1000,TA,C
100,4500000134,20231202,0000010036,8971697,USD,1000,TA,C
100,4500000135,20230616,0000010082,8903711,USD,1000,TA,C
100,4500000136,20250127,0000010158,11528340,MXN,1000,TA,C
100,4500000137,20231211,0000010152,11150409,MXN,1000,TA,C
100,4500000138,20240629,0000010131,5805777,USD,1000,TA,C
100,4500000139,20240730,0000010182,10532474,USD,1000,TA,C
100,4500000140,20250415,0000010122,8292698,MXN,1000,TA,C
100,4500000141,20231206,0000010095,380458,MXN,1000,TA,C
100,4500000142,20240302,0000010029,9889414,EUR,1000,TA,C
100,4500000143,20250326,0000010079,3654432,USD,1000,TA,C
100,4500000144,20241006,0000010177,12119814,JPY,1000,TA,C
100,4500000145,20240430,0000010153,7520993,MXN,1000,TA,C
100,4500000146,20250312,0000010168,27972926,MXN,1000,TA,C
100,4500000147,20240814,0000010149,14026347,CLP,1000,TA,C
100,4500000148,20230222,0000010185,10795068,MXN,1000,TA,C
100,4500000149,20230624,0000010123,10533057,USD,1000,TA,C
100,4500000150,20250108,0000010162,10881537,USD,1000,TA,C
100,4500000151,20250511,0000010199,2811990,USD,1000,TA,C
100,4500000152,20250421,0000010038,2726361,MXN,1000,TA,C
100,4500000153,20230202,0000010063,11203835,EUR,1000,TA,C
100,4500000154,20230423,0000010180,3562558,USD,1000,TA,C
100,4500000155,20240327,0000010005,13615511,MXN,1000,TA,C
100,4500000156,20230605,0000010108,8081990,MXN,1000,TA,C
100,4500000157,20230728,0000010177,6643931,MXN,1000,TA,C
100,4500000158,20250304,0000010129,4640654,MXN,1000,TA,C
100,4500000159,20250612,0000010121,9386882,USD,1000,TA,C
100,4500000160,20230305,0000010187,10725084,JPY,1000,TA,C
100,4500000161,20240615,0000010036,13081779,JPY,1000,TA,C
100,4500000162,20231129,0000010144,5042381,MXN,1000,TA,C
100,4500000163,20240622,0000010123,4249889,EUR,1000,TA,C
100,4500000164,20230627,0000010081,4562102,MXN,1000,TA,C
100,4500000165,20231217,0000010137,11281226,MXN,1000,TA,C
100,4500000166,20241123,0000010091,1287629,USD,1000,TA,C
100,4500000167,20241128,0000010185,17009558,CLP,1000,TA,C
100,4500000168,20230928,0000010178,10467858,EUR,1000,TA,C
100,4500000169,20230716,0000010124,12978765,USD,1000,TA,C
100,4500000170,20240725,0000010072,7196003,MXN,1000,TA,C
100,4500000171,20231101,0000010058,9163685,MXN,1000,TA,C
100,4500000172,20241222,0000010074,20474389,CLP,1000,TA,C
100,4500000173,20241222,0000010177,12645934,MXN,1000,TA,C
100,4500000174,20240506,0000010082,12455000,USD,1000,TA,C
100,4500000175,20250325,0000010144,11406662,MXN,1000,TA,C
100,4500000176,20231022,0000010071,12125285,JPY,1000,TA,C
100,4500000177,20241123,0000010147,15222253,MXN,1000,TA,C
100,4500000178,20240209,0000010098,13033980,USD,1000,TA,C
100,4500000179,20250403,0000010198,13979017,MXN,1000,TA,C
100,4500000180,20230213,0000010075,4810966,MXN,1000,TA,C
100,4500000181,20230322,0000010183,9449101,MXN,1000,TA,C
100,4500000182,20241102,0000010114,11295942,MXN,1000,TA,C
100,4500000183,20240505,0000010192,1107259,MXN,1000,TA,C
100,4500000184,20250427,0000010052,9804337,MXN,1000,TA,C
100,4500000185,20240729,0000010070,16067592,USD,1000,TA,C
100,4500000186,20230521,0000010070,11437532,EUR,1000,TA,C
100,4500000187,20250128,0000010158,4280112,MXN,1000,TA,C
100,4500000188,20230906,0000010062,5212432,USD,1000,TA,C
100,4500000189,20240627,0000010172,917632,MXN,1000,TA,C
100,4500000190,20230827,0000010164,11017209,MXN,1000,TA,C
100,4500000191,20240228,0000010026,841446,MXN,1000,TA,C
100,4500000192,20240428,0000010184,3149380,MXN,1000,TA,C
100,4500000193,20250228,0000010175,7579972,MXN,1000,TA,C
100,4500000194,20240717,0000010002,10474309,MXN,1000,TA,C
100,4500000195,20241030,0000010105,5262795,MXN,1000,TA,C
100,4500000196,20241028,0000010123,19383437,USD,1000,TA,C
100,4500000197,20231022,0000010194,11169424,MXN,1000,TA,C
100,4500000198,20241023,0000010074,1079080,MXN,1000,TA,C
100,4500000199,20230402,0000010197,7164017,MXN,1000,TA,C
100,4500000200,20230826,0000010147,5321960,EUR,1000,TA,C
100,4500000201,20250110,0000010190,9717256,USD,1000,TA,C
100,4500000202,20240303,0000010045,15001475,MXN,1000,TA,C
100,4500000203,20250506,0000010010,15105374,MXN,1000,TA,C
100,4500000204,20230710,0000010127,13967817,MXN,1000,TA,C
100,4500000205,20250612,0009990204,12190238,JPY,1000,TA,C
100,4500000206,20230110,0000010010,6859321,MXN,1000,TA,C
100,4500000207,20240804,,239241,MXN,1000,TA,C
100,4500000208,20231210,0000010028,12761950,USD,1000,TA,C
100,4500000209,20241018,0000010117,542885,MXN,1000,TA,C
100,4500000210,20240520,0000010135,7901229,USD,1000,TA,C
100,4500000211,20240424,0000010130,7095861,MXN,1000,TA,C
100,4500000212,20250408,0000010050,1699897,MXN,1000,TA,C
100,4500000213,20230616,0000010085,12656668,MXN,1000,TA,C
100,4500000214,20241025,0000010118,247801,JPY,1000,TA,C
100,4500000215,20230710,0000010184,12938503,MXN,1000,TA,C
100,4500000216,20231212,0000010189,5534321,MXN,1000,TA,C
100,4500000217,20241121,0000010146,14661692,MXN,1000,TA,C
100,4500000218,20230629,0000010050,11703958,CLP,1000,TA,C
100,4500000219,20240220,0000010164,11435124,USD,1000,TA,C
100,4500000220,20231202,0000010132,18744420,MXN,1000,TA,C
100,4500000221,20241116,0000010103,2140931,MXN,1000,TA,C
100,4500000222,20230524,0000010048,16069975,MXN,1000,TA,C
100,4500000223,20230912,0000010083,21054808,USD,1000,TA,C
100,4500000224,20240128,0000010067,8282496,MXN,1000,TA,C
100,4500000225,20250210,0000010115,6227339,MXN,1000,TA,C
100,4500000226,20231106,0000010085,829374,MXN,1000,TA,C
100,4500000227,20240809,0000010186,9923427,USD,1000,TA,C
100,4500000228,20241031,0000010067,6907218,MXN,1000,TA,C
100,4500000229,20230830,0000010178,1122500,MXN,1000,TA,C
100,4500000230,20230502,0000010171,6327538,MXN,1000,TA,C
100,4500000231,20230613,0000010079,9530250,MXN,1000,TA,C
100,4500000232,20240529,0000010176,10480199,MXN,1000,TA,C
100,4500000233,20231115,0000010198,11480406,JPY,1000,TA,C
100,4500000234,20241016,0000010031,19684809,EUR,1000,TA,C
100,4500000235,20240921,0000010095,21313155,MXN,1000,TA,C
100,4500000236,20230517,0000010057,1703274,MXN,1000,TA,C
100,4500000237,20240410,0000010040,12297378,USD,1000,TA,C
100,4500000238,20240118,0000010156,5163622,JPY,1000,TA,C
100,4500000239,20240716,0000010180,9741919,MXN,1000,TA,C
100,4500000240,20240704,0000010194,231174,USD,1000,TA,C
100,4500000241,20250219,0000010056,9102610,EUR,1000,TA,C
100,4500000242,20250211,0000010175,9534018,MXN,1000,TA,C
100,4500000243,20240622,0000010021,19454211,USD,1000,TA,C
100,4500000244,20241221,0000010136,15073940,MXN,1000,TA,C
100,4500000245,20240731,0000010020,19152999,MXN,1000,TA,C
100,4500000246,20250428,0000010016,21813,MXN,1000,TA,C
100,4500000247,20230727,0000010130,3581356,USD,1000,TA,C
100,4500000248,20230603,0000010138,6905000,USD,1000,TA,C
100,4500000249,20250524,0000010084,4671971,MXN,1000,TA,C
100,4500000250,20230430,0000010114,21976228,USD,1000,TA,C
100,4500000251,20250104,0000010053,403392,EUR,1000,TA,C
100,4500000252,20230404,0000010126,13607306,USD,1000,TA,C
100,4500000253,20250408,0000010115,1922678,USD,1000,TA,C
100,4500000254,20230516,0000010117,8498895,MXN,1000,TA,C
100,4500000255,20240412,0000010107,16203107,USD,1000,TA,C
100,4500000256,20240726,0000010015,5904419,USD,1000,TA,C
100,4500000257,20250406,0000010173,12440368,MXN,1000,TA,C
100,4500000258,20230123,0000010186,1493018,MXN,1000,TA,C
100,4500000259,20250416,0000010066,12042200,MXN,1000,TA,C
100,4500000260,00000000,0000010191,8267509,MXN,1000,TA,C
100,4500000261,20230316,0000010149,17029430,MXN,1000,TA,C
100,4500000262,20231219,0000010109,500260,MXN,1000,TA,C
100,4500000263,20240708,0000010017,4404338,EUR,1000,TA,C
100,4500000264,20240428,0000010018,1809800,MXN,1000,TA,C
100,4500000265,20240223,0000010074,13109468,MXN,1000,TA,C
100,4500000266,20230519,0000010197,10252648,MXN,1000,TA,C
100,4500000267,20250116,0000010165,3473263,CLP,1000,TA,C
100,4500000268,20240119,0000010108,17491250,EUR,1000,TA,C
100,4500000269,20250609,0000010115,7974165,MXN,1000,TA,C
100,4500000270,20230324,0000010097,11892020,MXN,1000,TA,C
100,4500000271,20250614,0000010170,2646768,EUR,1000,TA,C
100,4500000272,20241031,0000010035,812896,USD,1000,TA,C
100,4500000273,20230702,0000010031,1301968,MXN,1000,TA,C
100,4500000274,20240625,0000010101,3413392,USD,1000,TA,C
100,4500000275,20230817,0000010187,1553756,MXN,1000,TA,C
100,4500000276,20230124,0000010194,4892517,MXN,1000,TA,C
100,4500000277,20241120,0000010119,7267106,MXN,1000,TA,C
100,4500000278,20240310,0000010140,10303080,JPY,1000,TA,C
100,4500000279,20250423,0000010098,7550491,USD,1000,TA,C
100,4500000280,20240416,0000010064,385364,MXN,1000,TA,C
100,4500000281,20231010,0000010040,6019221,MXN,1000,TA,C
100,4500000282,20250222,0000010186,18215707,MXN,1000,TA,C
100,4500000283,20250408,0000010009,13552854,MXN,1000,TA,C
100,4500000284,20240921,0000010108,7628041,EUR,1000,TA,C
100,4500000285,20230904,0000010005,6263949,CLP,1000,TA,C
100,4500000286,20230414,0000010018,19202285,MXN,1000,TA,C
100,4500000287,20240402,0000010009,15699507,USD,1000,TA,C
100,4500000288,20241221,0000010173,20258981,USD,1000,TA,C
100,4500000289,20250128,0000010063,24319167,MXN,1000,TA,C
100,4500000290,20240325,0000010103,11500649,MXN,1000,TA,C
100,4500000291,20230811,0000010139,17672171,MXN,1000,TA,C
100,4500000292,20230227,0000010199,19106382,CLP,1000,TA,C
100,4500000293,20231024,0000010129,19803414,MXN,1000,TA,C
100,4500000294,20240812,0000010188,4511483,MXN,1000,TA,C
100,4500000295,20240904,0000010148,13935271,MXN,1000,TA,C
100,4500000296,20250418,0000010173,12647095,CLP,1000,TA,C
100,4500000297,20231106,0000010061,9907032,MXN,1000,TA,C
100,4500000298,20240617,0000010170,1801176,MXN,1000,TA,C
100,4500000299,20231104,0000010106,15820824,MXN,1000,TA,C
100,4500000300,20240724,0000010016,3324376,MXN,1000,TA,C
100,4500000301,20250619,,3824661,USD,1000,TA,C
100,4500000302,20241003,0000010045,17294748,JPY,1000,TA,C
100,4500000303,20240723,0000010110,17180096,EUR,1000,TA,C
100,4500000304,20231219,0000010013,10245720,USD,1000,TA,C
100,4500000305,20240126,0000010172,1120968,EUR,1000,TA,C
100,4500000306,20241214,0000010082,7375905,USD,1000,TA,C
100,4500000307,20230602,0000010105,9660373,MXN,1000,TA,C
100,4500000308,20230708,0000010097,4417140,MXN,1000,TA,C
100,4500000309,20240429,0000010138,4506728,CLP,1000,TA,C
100,4500000310,20231104,0000010058,16055531,MXN,1000,TA,C
100,4500000311,20250405,0000010037,8870666,JPY,1000,TA,C
100,4500000312,20240729,0000010015,11725492,MXN,1000,TA,C
100,4500000313,20240724,0000010107,2833028,MXN,1000,TA,C
100,4500000314,20240202,0000010035,575728,USD,1000,TA,C
100,4500000315,20230728,0000010066,20713456,MXN,1000,TA,C
100,4500000316,20230322,0000010166,4311193,MXN,1000,TA,C
100,4500000317,20230405,0000010095,2651352,MXN,1000,TA,C
100,4500000318,20250111,0009990317,13517617,USD,1000,TA,C
100,4500000319,20231002,0000010014,11327892,MXN,1000,TA,C
100,4500000320,20240911,0000010173,9302906,MXN,1000,TA,C
100,4500000321,20250613,0000010011,13840307,USD,1000,TA,C
100,4500000322,20250403,0000010049,3240761,MXN,1000,TA,C
100,4500000323,20250111,0000010151,378075,CLP,1000,TA,C
100,4500000324,20240726,0009990323,326074,EUR,1000,TA,C
100,4500000325,20230802,0000010123,1442946,MXN,1000,TA,C
100,4500000326,20230116,0000010078,7541817,MXN,1000,TA,C
100,4500000327,20250129,0000010049,15854141,MXN,1000,TA,C
100,4500000328,20250211,0000010192,11585923,MXN,1000,TA,C
100,4500000329,20241213,0000010063,17296598,USD,1000,TA,C
100,4500000330,20230729,0000010181,11159224,USD,1000,TA,C
100,4500000331,20240719,0000010062,13156307,MXN,1000,TA,C
100,4500000332,20231017,0000010199,1140036,MXN,1000,TA,C
100,4500000333,20240630,0000010120,835244,MXN,1000,TA,C
100,4500000334,20231112,0000010092,4393394,EUR,1000,TA,C
100,4500000335,20240609,0000010093,2844728,MXN,1000,TA,C
100,4500000336,20230411,0000010120,16515824,USD,1000,TA,C
100,4500000337,20250218,0000010121,839718,JPY,1000,TA,C
100,4500000338,20240115,0000010053,15051880,MXN,1000,TA,C
100,4500000339,20230216,0000010106,11338309,MXN,1000,TA,C
100,4500000340,20250129,0000010057,2488785,USD,1000,TA,C
100,4500000341,20230925,0000010005,4431224,MXN,1000,TA,C
100,4500000342,20240816,0000010150,32947725,USD,1000,TA,C
100,4500000343,20231030,0000010107,14088334,JPY,1000,TA,C
100,4500000344,20231204,0000010051,2206932,MXN,1000,TA,C
100,4500000345,20240806,0000010098,5563372,MXN,1000,TA,C
100,4500000346,20240717,0000010128,12007594,MXN,1000,TA,C
100,4500000347,20231212,0000010176,3900377,EUR,1000,TA,C
100,4500000348,20250421,0000010196,6293018,MXN,1000,TA,C
100,4500000349,20241019,0000010186,14396852,USD,1000,TA,C
100,4500000350,20240416,0000010126,326412,JPY,1000,TA,C
100,4500000351,20250325,0000010188,17321031,MXN,1000,TA,C
100,4500000352,20230524,0000010044,18737593,MXN,1000,TA,C
100,4500000353,20240515,0000010140,6233455,JPY,1000,TA,C
100,4500000354,20241019,0000010139,24188420,MXN,1000,TA,C
100,4500000355,20230204,0000010135,7820165,MXN,1000,TA,C
100,4500000356,20230219,0000010172,13033241,MXN,1000,TA,C
100,4500000357,20240227,0000010002,8393102,CLP,1000,TA,C
100,4500000358,20230825,0000010162,496728,MXN,1000,TA,C
100,4500000359,20230604,0000010182,20908226,MXN,1000,TA,C
100,4500000360,20240601,0000010056,9479138,MXN,1000,TA,C
100,4500000361,20230303,0000010096,18989723,MXN,1000,TA,C
100,4500000362,20241113,0000010164,3906114,USD,1000,TA,C
100,4500000363,20241106,0000010124,8658220,USD,1000,TA,C
100,4500000364,20230107,0000010005,13984254,USD,1000,TA,C
100,4500000365,20240226,0000010142,17106828,USD,1000,TA,C
100,4500000366,20240626,0000010005,8405416,MXN,1000,TA,C
100,4500000367,20240702,0000010071,9870322,JPY,1000,TA,C
100,4500000368,20240529,0000010005,11127312,MXN,1000,TA,C
100,4500000369,20240316,0000010173,22532383,EUR,1000,TA,C
100,4500000370,20230409,0000010028,6547172,MXN,1000,TA,C
100,4500000371,20230904,0000010039,6590660,USD,1000,TA,C
100,4500000372,20240623,0000010159,1736820,MXN,1000,TA,C
100,4500000373,20231001,0000010091,8413119,MXN,1000,TA,C
100,4500000374,20240118,0000010021,8777700,MXN,1000,TA,C
100,4500000375,20240801,0000010118,9806485,MXN,1000,TA,C
100,4500000376,20230820,0000010179,8447358,MXN,1000,TA,C
100,4500000377,20250427,0000010176,12202603,MXN,1000,TA,C
100,4500000378,20250528,0000010168,22003691,MXN,1000,TA,C
100,4500000379,20230202,0000010195,2265166,EUR,1000,TA,C
100,4500000380,20240124,0000010104,9886022,MXN,1000,TA,C
100,4500000381,20240502,0000010142,22108277,MXN,1000,TA,C
100,4500000382,20230110,0000010164,6165428,MXN,1000,TA,C
100,4500000383,20230326,0000010044,5646122,EUR,1000,TA,C
100,4500000384,20241022,0000010112,464966,USD,1000,TA,C
100,4500000385,20250528,0000010145,6370972,MXN,1000,TA,C
100,4500000386,20230213,0000010136,957150,MXN,1000,TA,C
100,4500000387,20250607,0000010055,4815349,MXN,1000,TA,C
100,4500000388,20240501,0000010146,1817730,EUR,1000,TA,C
100,4500000389,20230318,0000010012,7804353,MXN,1000,TA,C
100,4500000390,20240710,0000010072,13764857,EUR,1000,TA,C
100,4500000391,20230203,0000010169,9993520,USD,1000,TA,C
100,4500000392,20230117,0000010081,5709112,MXN,1000,TA,C
100,4500000393,20230528,0000010151,15937222,MXN,1000,TA,C
100,4500000394,20250420,0000010183,12376060,CLP,1000,TA,C
100,4500000395,20231103,0000010020,13947886,MXN,1000,TA,C
100,4500000396,20230904,0000010145,10590387,MXN,1000,TA,C
100,4500000397,20241124,0000010100,7842803,USD,1000,TA,C
100,4500000398,20240129,0000010085,14204468,USD,1000,TA,C
100,4500000399,20230524,0000010190,17796541,CLP,1000,TA,C
100,4500000400,20230322,0000010186,2068968,EUR,1000,TA,C
100,4500000401,20231221,0000010191,14884058,USD,1000,TA,C
100,4500000402,20240323,0000010026,3577301,MXN,1000,TA,C
100,4500000403,20231215,0000010020,5457040,MXN,1000,TA,C
100,4500000404,20240920,0000010197,6517917,USD,1000,TA,C
100,4500000405,20250303,0000010102,3251257,USD,1000,TA,C
100,4500000406,20241011,0000010008,16335325,MXN,1000,TA,C
100,4500000407,20240517,0000010116,18453312,MXN,1000,TA,C
100,4500000408,00000000,0000010092,7777022,MXN,1000,TA,C
100,4500000409,20240318,0000010097,9155494,USD,1000,TA,C
100,4500000410,20240822,0000010175,29942982,MXN,1000,TA,C
100,4500000411,20230329,0000010098,4730168,EUR,1000,TA,C
100,4500000412,20231030,0000010159,3579568,CLP,1000,TA,C
100,4500000413,20230317,0000010183,11527642,MXN,1000,TA,C
100,4500000414,20230607,0000010069,2796396,MXN,1000,TA,C
100,4500000415,20250313,0000010183,1182560,MXN,1000,TA,C
100,4500000416,20250127,0000010040,2424345,USD,1000,TA,C
100,4500000417,20240105,0000010082,18532684,MXN,1000,TA,C
100,4500000418,20230106,0000010024,12423222,MXN,1000,TA,C
100,4500000419,20240104,0000010114,13640484,MXN,1000,TA,C
100,4500000420,20230415,0000010070,7719793,CLP,1000,TA,C
100,4500000421,20230711,0000010023,21166950,MXN,1000,TA,C
100,4500000422,20240724,0000010115,136344,MXN,1000,TA,C
100,4500000423,20240222,0000010132,6436707,USD,1000,TA,C
100,4500000424,20230402,0000010007,22211705,MXN,1000,TA,C
100,4500000425,20230406,0000010142,10988862,MXN,1000,TA,C
100,4500000426,20250314,0000010154,15995242,USD,1000,TA,C
100,4500000427,20230113,0000010099,3630763,MXN,1000,TA,C
100,4500000428,20240202,0000010106,2595932,MXN,1000,TA,C
100,4500000429,20250112,0000010022,4607190,CLP,1000,TA,C
100,4500000430,20240808,0000010063,6329947,USD,1000,TA,C
100,4500000431,20241202,0000010044,14185375,USD,1000,TA,C
100,4500000432,20230523,0000010044,10397733,MXN,1000,TA,C
100,4500000433,20231002,0000010078,9085344,MXN,1000,TA,C
100,4500000434,20230306,0000010038,24382814,USD,1000,TA,C
100,4500000435,20231010,0000010112,2101757,MXN,1000,TA,C
100,4500000436,20240510,0000010077,24642586,MXN,1000,TA,C
100,4500000437,20230915,0000010093,313650,MXN,1000,TA,C
100,4500000438,20241002,0000010185,4230293,MXN,1000,TA,C
100,4500000439,20240923,0000010153,5906188,USD,1000,TA,C
100,4500000440,20230420,0000010118,15837559,MXN,1000,TA,C
100,4500000441,20230107,0000010078,19332579,MXN,1000,TA,C
100,4500000442,20250511,0000010086,14632964,MXN,1000,TA,C
100,4500000443,20250403,0000010098,305661,USD,1000,TA,C
100,4500000444,20231209,0000010113,18464953,MXN,1000,TA,C
100,4500000445,20240831,0000010167,7548613,MXN,1000,TA,C
100,4500000446,20231125,0000010077,12182775,MXN,1000,TA,C
100,4500000447,20230725,0000010178,1925856,USD,1000,TA,C
100,4500000448,20230701,0000010081,2145300,USD,1000,TA,C
100,4500000449,20231026,0000010082,5236121,MXN,1000,TA,C
100,4500000450,20241010,0000010178,10447584,JPY,1000,TA,C
100,4500000451,20250311,0000010148,4111660,USD,1000,TA,C
100,4500000452,20240121,0000010084,12541744,MXN,1000,TA,C
100,4500000453,20240109,0000010101,4360689,MXN,1000,TA,C
100,4500000454,20230724,0000010145,3053000,MXN,1000,TA,C
100,4500000455,20230704,0000010140,19244605,USD,1000,TA,C
100,4500000456,20240717,0000010197,624759,EUR,1000,TA,C
100,4500000457,20240417,0000010187,18145176,MXN,1000,TA,C
100,4500000458,20240324,0000010054,15853394,JPY,1000,TA,C
100,4500000459,20230312,0000010178,21377562,MXN,1000,TA,C
100,4500000460,20240526,0000010173,10285880,MXN,1000,TA,C
100,4500000461,20231107,0000010163,7357693,MXN,1000,TA,C
100,4500000462,20241105,0000010065,12212626,MXN,1000,TA,C
100,4500000463,20240309,0000010184,1982107,MXN,1000,TA,C
100,4500000464,20240404,0000010019,24292973,MXN,1000,TA,C
100,4500000465,20240819,0000010123,13783314,USD,1000,TA,C
100,4500000466,20240602,0000010137,293432,MXN,1000,TA,C
100,4500000467,20240710,0000010108,5616313,EUR,1000,TA,C
100,4500000468,20241219,0000010093,2055952,MXN,1000,TA,C
100,4500000469,20240831,,1551899,USD,1000,TA,C
100,4500000470,20230422,0000010022,13687653,USD,1000,TA,C
100,4500000471,20241104,0000010064,2780860,CLP,1000,TA,C
100,4500000472,20230620,0000010091,6636581,EUR,1000,TA,C
100,4500000473,20230215,0000010157,3634320,EUR,1000,TA,C
100,4500000474,20241124,0000010166,19290909,USD,1000,TA,C
100,4500000475,20250209,0000010103,313043,EUR,1000,TA,C
100,4500000476,20230419,0000010111,17773522,MXN,1000,TA,C
100,4500000477,20230922,0000010026,6330495,MXN,1000,TA,C
100,4500000478,20250203,0000010131,11003119,MXN,1000,TA,C
100,4500000479,20240817,0000010143,14851859,USD,1000,TA,C
100,4500000480,20230815,0000010148,6745472,EUR,1000,TA,C
100,4500000481,20240205,0000010096,3866560,MXN,1000,TA,C
100,4500000482,20241126,0000010198,1964792,MXN,1000,TA,C
100,4500000483,20240527,0000010177,6316476,USD,1000,TA,C
100,4500000484,20230126,0000010089,4806707,MXN,1000,TA,C
100,4500000485,00000000,0000010027,5749043,USD,1000,TA,C
100,4500000486,20230329,0000010107,10323060,MXN,1000,TA,C
100,4500000487,20230526,0000010187,6073677,MXN,1000,TA,C
100,4500000488,20231218,0000010080,9454272,MXN,1000,TA,C
100,4500000489,20240617,0000010053,5456005,MXN,1000,TA,C
100,4500000490,20240502,0000010090,8120436,USD,1000,TA,C
100,4500000491,20250109,0000010113,2468544,MXN,1000,TA,C
100,4500000492,20231123,0000010116,17536264,EUR,1000,TA,C
100,4500000493,20230215,0000010077,7308160,MXN,1000,TA,C
100,4500000494,20230124,0000010030,6247567,JPY,1000,TA,C
100,4500000495,20230422,0000010166,5037323,MXN,1000,TA,C
100,4500000496,20250128,0000010043,4582153,EUR,1000,TA,C
100,4500000497,20230628,0000010133,4095165,MXN,1000,TA,C
100,4500000498,20231205,0000010041,9307308,USD,1000,TA,C
100,4500000499,20240418,0000010110,5514336,USD,1000,TA,C
100,4500000500,20241006,0000010104,19887303,MXN,1000,TA,C
100,4500000501,20241017,0000010048,14212251,MXN,1000,TA,C
100,4500000502,20240210,0000010111,10802070,EUR,1000,TA,C
100,4500000503,20240920,0000010189,23333774,MXN,1000,TA,C
100,4500000504,20240829,0000010116,1580677,MXN,1000,TA,C
100,4500000505,20230105,0000010100,16519419,MXN,1000,TA,C
100,4500000506,20230730,0000010055,15182111,JPY,1000,TA,C
100,4500000507,20241221,0000010193,12660553,MXN,1000,TA,C
100,4500000508,20230415,0000010148,7069953,MXN,1000,TA,C
100,4500000509,20240110,0000010048,10085231,USD,1000,TA,C
100,4500000510,20240413,0000010051,4969074,MXN,1000,TA,C
100,4500000511,20241117,0000010068,7222670,MXN,1000,TA,C
100,4500000512,20241016,0000010136,7922484,USD,1000,TA,C
100,4500000513,20240202,0000010153,14085759,MXN,1000,TA,C
100,4500000514,20240824,0000010101,9137324,USD,1000,TA,C
100,4500000515,20231227,0000010090,12782794,MXN,1000,TA,C
100,4500000516,20230626,0000010159,3801325,MXN,1000,TA,C
100,4500000517,20250330,0000010181,17850757,EUR,1000,TA,C
100,4500000518,20240827,0000010158,12140573,MXN,1000,TA,C
100,4500000519,20230518,0000010173,3012525,MXN,1000,TA,C
100,4500000520,20230902,0000010031,2457686,MXN,1000,TA,C
100,4500000521,20230707,0000010030,13567367,MXN,1000,TA,C
100,4500000522,20230525,0000010178,1375310,MXN,1000,TA,C
100,4500000523,20240304,0000010100,14880659,USD,1000,TA,C
100,4500000524,20240811,0000010036,4856975,USD,1000,TA,C
100,4500000525,20230710,0000010109,1068883,MXN,1000,TA,C
100,4500000526,20240704,0000010163,4743112,USD,1000,TA,C
100,4500000527,20230627,0000010166,5992108,EUR,1000,TA,C
100,4500000528,00000000,0000010043,5647705,USD,1000,TA,C
100,4500000529,20230524,0000010074,9900608,USD,1000,TA,C
100,4500000530,20250512,0000010081,5099362,MXN,1000,TA,C
100,4500000531,20230224,0000010159,5532424,MXN,1000,TA,C
100,4500000532,20240511,0000010003,10547196,MXN,1000,TA,C
100,4500000533,20250414,0000010050,3022080,MXN,1000,TA,C
100,4500000534,20240601,0000010144,9353108,MXN,1000,TA,C
100,4500000535,20240223,0000010127,6356204,EUR,1000,TA,C
100,4500000536,20240301,0000010126,20495550,EUR,1000,TA,C
100,4500000537,20240515,0000010114,3511072,JPY,1000,TA,C
100,4500000538,20240801,0000010022,3874758,MXN,1000,TA,C
100,4500000539,20230814,0000010195,1150426,MXN,1000,TA,C
100,4500000540,20231009,0000010009,13655280,MXN,1000,TA,C
100,4500000541,20231023,0000010138,11883187,MXN,1000,TA,C
100,4500000542,20240413,0000010200,16562966,MXN,1000,TA,C
100,4500000543,20250302,0000010191,5652920,USD,1000,TA,C
100,4500000544,20240716,0000010127,3235644,CLP,1000,TA,C
100,4500000545,20240809,0000010029,6051655,USD,1000,TA,C
100,4500000546,20250304,0000010069,3103956,MXN,1000,TA,C
100,4500000547,20240709,0000010094,10118207,USD,1000,TA,C
100,4500000548,20250217,0000010011,1636356,CLP,1000,TA,C
100,4500000549,20240713,0000010113,9985682,JPY,1000,TA,C
100,4500000550,20230415,0000010109,12091630,MXN,1000,TA,C
100,4500000551,20250208,0000010168,18358858,JPY,1000,TA,C
100,4500000552,20250614,0000010077,5889651,MXN,1000,TA,C
100,4500000553,20230927,0000010116,9494032,MXN,1000,TA,C
100,4500000554,20240325,0000010023,17462195,MXN,1000,TA,C
100,4500000555,20250411,0000010199,12714261,MXN,1000,TA,C
100,4500000556,20250410,0000010054,8131316,MXN,1000,TA,C
100,4500000557,00000000,0000010151,1182286,JPY,1000,TA,C
100,4500000558,20250531,0000010090,3032981,EUR,1000,TA,C
100,4500000559,20241009,0000010157,2012440,JPY,1000,TA,C
100,4500000560,20240922,0000010043,7560485,MXN,1000,TA,C
100,4500000561,20250413,0000010053,5473360,MXN,1000,TA,C
100,4500000562,20240806,0000010016,15190456,MXN,1000,TA,C
100,4500000563,20231015,0000010137,12052045,MXN,1000,TA,C
100,4500000564,20230622,0000010138,2820729,USD,1000,TA,C
100,4500000565,20231027,0000010181,9923733,MXN,1000,TA,C
100,4500000566,20231001,0000010147,14777942,MXN,1000,TA,C
100,4500000567,20250414,0000010174,13725869,USD,1000,TA,C
100,4500000568,20250207,0000010035,15509046,MXN,1000,TA,C
100,4500000569,20231011,0000010016,8650778,MXN,1000,TA,C
100,4500000570,20241219,0000010033,20488117,EUR,1000,TA,C
100,4500000571,20230530,0000010064,538146,MXN,1000,TA,C
100,4500000572,20250428,0000010083,13202952,JPY,1000,TA,C
100,4500000573,20250513,0000010195,14827786,MXN,1000,TA,C
100,4500000574,20240516,0000010101,7794003,EUR,1000,TA,C
100,4500000575,20241009,0000010148,22162760,MXN,1000,TA,C
100,4500000576,20240229,0000010161,10207248,MXN,1000,TA,C
100,4500000577,20230319,0000010116,5826872,MXN,1000,TA,C
100,4500000578,20230406,0000010197,14304260,USD,1000,TA,C
100,4500000579,20250206,0000010132,5877370,MXN,1000,TA,C
100,4500000580,20250617,0000010178,3149915,MXN,1000,TA,C
100,4500000581,20240514,0000010117,15649662,MXN,1000,TA,C
100,4500000582,20230103,0000010149,21205394,MXN,1000,TA,C
100,4500000583,20230406,0000010188,13551621,CLP,1000,TA,C
100,4500000584,20241012,0000010118,10252138,JPY,1000,TA,C
100,4500000585,20240102,0000010179,1658255,EUR,1000,TA,C
100,4500000586,20240212,0000010137,27548232,MXN,1000,TA,C
100,4500000587,20250424,0000010110,6833897,MXN,1000,TA,C
100,4500000588,20231002,0000010127,1065468,MXN,1000,TA,C
100,4500000589,20231212,0000010073,2762818,MXN,1000,TA,C
100,4500000590,20230514,0000010148,25451250,USD,1000,TA,C
100,4500000591,20250318,0000010125,162072,USD,1000,TA,C
100,4500000592,20250219,0000010175,6081835,MXN,1000,TA,C
100,4500000593,20230412,0000010012,11311841,MXN,1000,TA,C
100,4500000594,20230117,0000010118,6915090,USD,1000,TA,C
100,4500000595,20240327,0000010041,11259500,MXN,1000,TA,C
100,4500000596,20240314,0000010001,3255116,MXN,1000,TA,C
100,4500000597,20230516,0000010177,1648448,MXN,1000,TA,C
100,4500000598,20230612,0000010078,1662144,EUR,1000,TA,C
100,4500000599,20241101,0000010024,21955143,MXN,1000,TA,C
100,4500000600,20230326,0000010065,10667967,MXN,1000,TA,C
100,4500000601,20241026,0000010171,12328353,MXN,1000,TA,C
100,4500000602,20240210,0000010014,15350003,MXN,1000,TA,C
100,4500000603,20250113,0000010079,477017,USD,1000,TA,C
100,4500000604,20230828,0000010194,28520325,EUR,1000,TA,C
100,4500000605,20230404,0000010168,13167653,MXN,1000,TA,C
100,4500000606,20230102,0000010025,3926870,JPY,1000,TA,C
100,4500000607,20230321,0000010123,20283249,MXN,1000,TA,C
100,4500000608,20230820,0000010152,8915600,MXN,1000,TA,C
100,4500000609,20240331,0000010175,3066289,USD,1000,TA,C
100,4500000610,20241213,0000010003,9250779,MXN,1000,TA,C
100,4500000611,20250530,0000010031,2001523,MXN,1000,TA,C
100,4500000612,20230516,0000010178,19486336,MXN,1000,TA,C
100,4500000613,20230823,0000010019,733063,USD,1000,TA,C
100,4500000614,20250118,0000010023,13792448,MXN,1000,TA,C
100,4500000615,20231117,0000010027,17848398,MXN,1000,TA,C
100,4500000616,20230521,0000010077,412740,MXN,1000,TA,C
100,4500000617,20250412,0000010199,5513218,MXN,1000,TA,C
100,4500000618,20241018,0000010035,16554594,CLP,1000,TA,C
100,4500000619,20230312,0000010037,7209856,EUR,1000,TA,C
100,4500000620,20230109,0000010145,6797080,USD,1000,TA,C
100,4500000621,20230618,0000010167,1411689,USD,1000,TA,C
100,4500000622,20250109,0000010090,1362504,MXN,1000,TA,C
100,4500000623,20250205,0000010161,3867304,MXN,1000,TA,C
100,4500000624,20240922,0000010106,6688692,MXN,1000,TA,C
100,4500000625,20250530,0000010114,568648,EUR,1000,TA,C
100,4500000626,20230413,0000010023,5973026,MXN,1000,TA,C
100,4500000627,20230507,0000010193,1233507,MXN,1000,TA,C
100,4500000628,20240129,0000010187,8732416,USD,1000,TA,C
100,4500000629,20231119,0000010110,9586627,MXN,1000,TA,C
100,4500000630,20231011,0000010064,13844904,MXN,1000,TA,C
100,4500000631,20230912,0000010022,19725356,EUR,1000,TA,C
100,4500000632,20240906,0000010154,10029402,USD,1000,TA,C
100,4500000633,20231019,0000010156,10994461,JPY,1000,TA,C
100,4500000634,20230128,0000010177,7351982,CLP,1000,TA,C
100,4500000635,20230730,0000010078,6185965,EUR,1000,TA,C
100,4500000636,20240605,0000010156,15847158,USD,1000,TA,C
100,4500000637,20240206,0000010192,5064594,MXN,1000,TA,C
100,4500000638,20230225,0000010166,13305456,MXN,1000,TA,C
100,4500000639,20240131,0000010127,3890400,MXN,1000,TA,C
100,4500000640,20240526,0000010062,9458822,MXN,1000,TA,C
100,4500000641,20230314,0000010153,17062601,USD,1000,TA,C
100,4500000642,20240105,0000010004,11748026,USD,1000,TA,C
100,4500000643,20240201,0000010034,2253183,MXN,1000,TA,C
100,4500000644,20240110,0000010108,5025608,USD,1000,TA,C
100,4500000645,20230626,0000010175,4761220,USD,1000,TA,C
100,4500000646,20250227,0000010121,11663575,CLP,1000,TA,C
100,4500000647,20240824,0000010005,784795,MXN,1000,TA,C
100,4500000648,20230926,0000010004,6964992,MXN,1000,TA,C
100,4500000649,20230303,0000010011,10399431,MXN,1000,TA,C
100,4500000650,20231021,0000010130,8372520,MXN,1000,TA,C
100,4500000651,20240528,0000010183,1146196,USD,1000,TA,C
100,4500000652,20240309,0000010107,8045899,CLP,1000,TA,C
100,4500000653,20230326,0000010103,6315304,EUR,1000,TA,C
100,4500000654,20240704,0000010138,491964,USD,1000,TA,C
100,4500000655,20231012,0000010040,7335893,USD,1000,TA,C
100,4500000656,20230322,0000010080,27613481,MXN,1000,TA,C
100,4500000657,20250407,0000010053,12804045,USD,1000,TA,C
100,4500000658,20231201,0000010138,19142218,MXN,1000,TA,C
100,4500000659,20241011,0000010151,25813943,MXN,1000,TA,C
100,4500000660,20241128,0000010167,12734091,CLP,1000,TA,C
100,4500000661,20231114,0000010017,2942482,EUR,1000,TA,C
100,4500000662,20250117,0000010112,2248436,EUR,1000,TA,C
100,4500000663,20230908,0000010015,5179113,MXN,1000,TA,C
100,4500000664,20230429,0000010112,2310910,MXN,1000,TA,C
100,4500000665,20240915,0000010157,4441235,MXN,1000,TA,C
100,4500000666,20241113,0000010080,15575645,MXN,1000,TA,C
100,4500000667,20250128,0000010169,5044692,JPY,1000,TA,C
100,4500000668,20230113,0000010031,14384405,MXN,1000,TA,C
100,4500000669,20241219,0000010036,17336516,JPY,1000,TA,C
100,4500000670,20240523,0000010042,6214348,MXN,1000,TA,C
100,4500000671,20240613,0000010134,573480,MXN,1000,TA,C
100,4500000672,20230620,0000010067,5516710,JPY,1000,TA,C
100,4500000673,20250206,0000010033,410265,MXN,1000,TA,C
100,4500000674,20250120,0000010069,5742841,CLP,1000,TA,C
100,4500000675,20230131,0000010198,6806067,MXN,1000,TA,C
100,4500000676,20231006,0000010110,10150199,MXN,1000,TA,C
100,4500000677,20230927,0000010017,23631920,USD,1000,TA,C
100,4500000678,20241004,0000010148,11208993,JPY,1000,TA,C
100,4500000679,20240411,0000010128,2878560,MXN,1000,TA,C
100,4500000680,20230226,0000010093,957800,USD,1000,TA,C
100,4500000681,20230620,0000010146,4159274,USD,1000,TA,C
100,4500000682,20230919,0000010041,2043540,MXN,1000,TA,C
100,4500000683,20240810,0000010027,9509811,CLP,1000,TA,C
100,4500000684,20230429,0000010186,11965271,EUR,1000,TA,C
100,4500000685,20240605,0000010190,11189911,MXN,1000,TA,C
100,4500000686,20250529,0000010012,12102802,MXN,1000,TA,C
100,4500000687,20230217,0000010063,6912278,MXN,1000,TA,C
100,4500000688,20240128,0000010094,17135485,USD,1000,TA,C
100,4500000689,20250528,0000010046,5187336,MXN,1000,TA,C
100,4500000690,20250402,0000010142,6737381,MXN,1000,TA,C
100,4500000691,20241102,0000010190,14688695,JPY,1000,TA,C
100,4500000692,20231126,0000010058,20981615,MXN,1000,TA,C
100,4500000693,20250107,0000010107,17394094,MXN,1000,TA,C
100,4500000694,20250425,0000010070,7219838,MXN,1000,TA,C
100,4500000695,20240117,0000010147,11039295,MXN,1000,TA,C
100,4500000696,20241120,0000010129,21093955,MXN,1000,TA,C
100,4500000697,20230817,0000010046,8085619,MXN,1000,TA,C
100,4500000698,20240215,0000010012,14204234,USD,1000,TA,C
100,4500000699,20250605,0000010120,18161934,MXN,1000,TA,C
100,4500000700,20250515,0000010199,16961306,MXN,1000,TA,C
100,4500000701,20230330,0000010084,7989792,MXN,1000,TA,C
100,4500000702,20230109,0000010117,3262440,USD,1000,TA,C
100,4500000703,20231026,0000010052,11239782,MXN,1000,TA,C
100,4500000704,20250127,0000010078,5301660,USD,1000,TA,C
100,4500000705,20240420,0000010063,5911113,USD,1000,TA,C
100,4500000706,20240520,0000010152,11478855,MXN,1000,TA,C
100,4500000707,20230720,0000010199,573439,CLP,1000,TA,C
100,4500000708,20250217,0000010140,11137852,JPY,1000,TA,C
100,4500000709,20230107,0000010039,11561945,MXN,1000,TA,C
100,4500000710,20230827,0000010007,11109892,MXN,1000,TA,C
100,4500000711,20241013,0000010089,13338539,USD,1000,TA,C
100,4500000712,20231210,0000010003,6369963,EUR,1000,TA,C
100,4500000713,20241104,0000010195,12586201,MXN,1000,TA,C
100,4500000714,20250114,0000010189,272578,MXN,1000,TA,C
100,4500000715,20230730,0000010027,6907906,MXN,1000,TA,C
100,4500000716,20240305,0000010061,7711622,USD,1000,TA,C
100,4500000717,20230526,0000010016,9782537,USD,1000,TA,C
100,4500000718,20230406,0000010072,18187240,JPY,1000,TA,C
100,4500000719,20250515,0000010060,8883878,MXN,1000,TA,C
100,4500000720,20241218,0000010106,8718406,USD,1000,TA,C
100,4500000721,20250204,0000010118,2664864,MXN,1000,TA,C
100,4500000722,20230408,0000010149,401011,MXN,1000,TA,C
100,4500000723,20241014,0000010035,8787478,USD,1000,TA,C
100,4500000724,20240829,0000010020,16585423,MXN,1000,TA,C
100,4500000725,20240321,0000010016,408512,USD,1000,TA,C
100,4500000726,20230831,0000010034,5994985,EUR,1000,TA,C
100,4500000727,20250521,0000010067,215725,MXN,1000,TA,C
100,4500000728,20241218,0000010101,3555742,MXN,1000,TA,C
100,4500000729,20231122,0000010084,10243977,JPY,1000,TA,C
100,4500000730,20230828,0000010070,15285974,MXN,1000,TA,C
100,4500000731,20230520,0000010052,1675352,MXN,1000,TA,C
100,4500000732,20240821,0000010198,2729107,CLP,1000,TA,C
100,4500000733,20230419,0000010040,17860483,MXN,1000,TA,C
100,4500000734,20240422,0000010116,19694429,MXN,1000,TA,C
100,4500000735,20230504,0000010105,7091086,MXN,1000,TA,C
100,4500000736,20250227,0000010092,11052222,USD,1000,TA,C
100,4500000737,20231112,0000010116,23083523,MXN,1000,TA,C
100,4500000738,20250522,0000010068,8022973,MXN,1000,TA,C
100,4500000739,20230611,0000010024,12719129,MXN,1000,TA,C
100,4500000740,20250426,0000010078,5817708,EUR,1000,TA,C
100,4500000741,20240909,0000010179,4190990,JPY,1000,TA,C
100,4500000742,20250505,0000010056,10529386,MXN,1000,TA,C
100,4500000743,20230404,0000010038,473912,MXN,1000,TA,C
100,4500000744,20231231,0000010064,3611062,JPY,1000,TA,C
100,4500000745,20230220,0000010132,4681330,MXN,1000,TA,C
100,4500000746,20230924,0000010077,11841142,EUR,1000,TA,C
100,4500000747,20240219,0000010008,11637476,MXN,1000,TA,C
100,4500000748,20250205,0000010143,11176067,MXN,1000,TA,C
100,4500000749,20230407,0000010064,298411,USD,1000,TA,C
100,4500000750,20250403,0000010027,13015289,MXN,1000,TA,C
100,4500000751,20230113,0000010032,11088497,MXN,1000,TA,C
100,4500000752,20230816,0000010200,10306834,MXN,1000,TA,C
100,4500000753,20250423,0000010051,15444372,MXN,1000,TA,C
100,4500000754,20241203,0000010096,6509070,MXN,1000,TA,C
100,4500000755,20230328,0000010166,21665596,USD,1000,TA,C
100,4500000756,20230923,0000010151,4241662,USD,1000,TA,C
100,4500000757,20230308,0000010006,3059665,MXN,1000,TA,C
100,4500000758,20240330,0000010166,8405644,MXN,1000,TA,C
100,4500000759,20250517,0000010024,6472750,MXN,1000,TA,C
100,4500000760,20230213,0000010032,142784,MXN,1000,TA,C
100,4500000761,20230622,0000010013,13985366,MXN,1000,TA,C
100,4500000762,20250421,0000010111,6402706,USD,1000,TA,C
100,4500000763,20240523,0000010102,14730872,JPY,1000,TA,C
100,4500000764,20241130,0000010098,13823357,MXN,1000,TA,C
100,4500000765,20231229,0000010045,17478941,MXN,1000,TA,C
100,4500000766,20231009,0000010048,15517160,MXN,1000,TA,C
100,4500000767,20230602,0000010115,7729697,MXN,1000,TA,C
100,4500000768,20240926,0000010158,285298,MXN,1000,TA,C
100,4500000769,20241024,0000010063,21474288,USD,1000,TA,C
100,4500000770,20240226,0000010128,1953994,MXN,1000,TA,C
100,4500000771,20230304,0000010123,10655380,USD,1000,TA,C
100,4500000772,00000000,0000010072,9663093,MXN,1000,TA,C
100,4500000773,20240305,0000010036,5198000,MXN,1000,TA,C
100,4500000774,20250327,0000010165,5179902,MXN,1000,TA,C
100,4500000775,20241007,0000010064,7761500,USD,1000,TA,C
100,4500000776,20240127,0000010005,1314811,USD,1000,TA,C
100,4500000777,20240506,0000010092,10196577,JPY,1000,TA,C
100,4500000778,20231219,0000010125,927395,USD,1000,TA,C
100,4500000779,20231126,0000010129,19484195,USD,1000,TA,C
100,4500000780,20230704,0000010070,11973819,MXN,1000,TA,C
100,4500000781,20240903,0000010082,12692299,MXN,1000,TA,C
100,4500000782,20250410,0000010008,7055436,MXN,1000,TA,C
100,4500000783,20230301,0000010072,13383914,CLP,1000,TA,C
100,4500000784,20240102,0000010136,631895,USD,1000,TA,C
100,4500000785,20230827,0000010150,8036574,CLP,1000,TA,C
100,4500000786,20230911,0000010026,14204976,MXN,1000,TA,C
100,4500000787,20230930,0000010062,27967156,EUR,1000,TA,C
100,4500000788,20230227,0000010189,11249814,USD,1000,TA,C
100,4500000789,20240812,0000010057,6583594,CLP,1000,TA,C
100,4500000790,20250509,0000010091,24390676,MXN,1000,TA,C
100,4500000791,20230831,0000010046,1459645,MXN,1000,TA,C
100,4500000792,20250405,0000010082,7418983,USD,1000,TA,C
100,4500000793,20240103,0000010179,7392440,JPY,1000,TA,C
100,4500000794,20241221,0000010008,1497075,USD,1000,TA,C
100,4500000795,20231227,,10061586,EUR,1000,TA,C
100,4500000796,20230526,0000010145,10479773,USD,1000,TA,C
100,4500000797,20250506,0000010049,8653228,USD,1000,TA,C
100,4500000798,20231113,0000010139,2921073,USD,1000,TA,C
100,4500000799,20230208,0000010126,12640478,MXN,1000,TA,C
100,4500000800,20230827,0000010015,7126107,MXN,1000,TA,C
100,4500000801,20230121,0000010057,396528,USD,1000,TA,C
100,4500000802,20230101,0000010123,25262995,USD,1000,TA,C
100,4500000803,20230726,0000010158,10252812,MXN,1000,TA,C
100,4500000804,20250104,0000010088,7433025,MXN,1000,TA,C
100,4500000805,20230302,0000010083,99020,MXN,1000,TA,C
100,4500000806,20240823,0000010038,7944995,MXN,1000,TA,C
100,4500000807,20250303,0000010037,2784663,JPY,1000,TA,C
100,4500000808,20250531,0000010135,7635453,MXN,1000,TA,C
100,4500000809,20240118,0000010019,1399132,MXN,1000,TA,C
100,4500000810,20240210,0000010170,1081036,JPY,1000,TA,C
100,4500000811,20230414,0009990810,11943222,USD,1000,TA,C
100,4500000812,20231127,0000010078,23237456,MXN,1000,TA,C
100,4500000813,20250119,0000010041,6518786,MXN,1000,TA,C
100,4500000814,20240513,0000010164,9498338,MXN,1000,TA,C
100,4500000815,20230628,0000010082,396328,EUR,1000,TA,C
100,4500000816,20241211,0000010144,5365776,JPY,1000,TA,C
100,4500000817,20230817,0000010092,6189497,USD,1000,TA,C
100,4500000818,20250414,0000010151,7587804,EUR,1000,TA,C
100,4500000819,20231111,0000010097,17849832,MXN,1000,TA,C
100,4500000820,20231029,0000010177,698796,JPY,1000,TA,C
100,4500000821,20250116,0000010046,905100,MXN,1000,TA,C
100,4500000822,20240809,0000010180,9106163,MXN,1000,TA,C
100,4500000823,20240804,0000010198,14869654,MXN,1000,TA,C
100,4500000824,20240908,0000010047,580355,MXN,1000,TA,C
100,4500000825,20230815,0000010157,2956844,MXN,1000,TA,C
100,4500000826,20230417,0000010145,20927998,USD,1000,TA,C
100,4500000827,20231206,0000010037,20951041,USD,1000,TA,C
100,4500000828,20230901,0000010020,9565018,JPY,1000,TA,C
100,4500000829,20230621,0000010082,11989989,MXN,1000,TA,C
100,4500000830,20250421,0000010023,19996458,USD,1000,TA,C
100,4500000831,20241016,0000010172,5310615,JPY,1000,TA,C
100,4500000832,20240402,0000010086,11046044,JPY,1000,TA,C
100,4500000833,20230803,0000010068,876364,MXN,1000,TA,C
100,4500000834,20230311,0000010178,14969138,MXN,1000,TA,C
100,4500000835,00000000,0000010066,9867058,MXN,1000,TA,C
100,4500000836,20230102,0000010185,28316481,MXN,1000,TA,C
100,4500000837,20240324,0000010099,2998515,MXN,1000,TA,C
100,4500000838,20230620,0000010108,4974704,JPY,1000,TA,C
100,4500000839,20240123,0000010127,8014548,MXN,1000,TA,C
100,4500000840,20240120,0000010140,17560323,MXN,1000,TA,C
100,4500000841,20250318,0000010123,5727772,MXN,1000,TA,C
100,4500000842,20250215,0000010167,14628530,USD,1000,TA,C
100,4500000843,20230616,0000010058,674334,EUR,1000,TA,C
100,4500000844,20250329,0000010019,7933806,MXN,1000,TA,C
100,4500000845,20230121,0000010076,11223807,MXN,1000,TA,C
100,4500000846,20230418,0000010067,14926200,MXN,1000,TA,C
100,4500000847,20230624,0000010088,517506,MXN,1000,TA,C
100,4500000848,20250119,0000010042,7610548,MXN,1000,TA,C
100,4500000849,20230406,0000010141,456428,MXN,1000,TA,C
100,4500000850,20240920,0000010153,1109053,MXN,1000,TA,C
100,4500000851,20230201,0000010181,8538823,USD,1000,TA,C
100,4500000852,20230618,0000010168,1517262,MXN,1000,TA,C
100,4500000853,20230610,0000010112,10083094,USD,1000,TA,C
100,4500000854,20231206,0000010026,25354026,MXN,1000,TA,C
100,4500000855,20240224,0000010049,1851368,MXN,1000,TA,C
100,4500000856,20250109,0000010142,5961093,EUR,1000,TA,C
100,4500000857,20230929,0000010139,14481521,JPY,1000,TA,C
100,4500000858,20231101,0000010073,10737758,EUR,1000,TA,C
100,4500000859,20230220,0000010025,15244364,MXN,1000,TA,C
100,4500000860,20240716,0000010147,14031977,MXN,1000,TA,C
100,4500000861,20230225,0000010040,14702245,USD,1000,TA,C
100,4500000862,20240313,0000010001,5784989,MXN,1000,TA,C
100,4500000863,20250423,0000010076,10083770,MXN,1000,TA,C
100,4500000864,20240906,0000010161,10973169,EUR,1000,TA,C
100,4500000865,20230410,0000010052,10510769,USD,1000,TA,C
100,4500000866,20230624,0000010053,7768144,MXN,1000,TA,C
100,4500000867,20230325,0000010075,10371927,USD,1000,TA,C
100,4500000868,20231112,0000010030,3124687,USD,1000,TA,C
100,4500000869,20240515,0000010121,5219163,MXN,1000,TA,C
100,4500000870,20230404,0000010068,13491548,EUR,1000,TA,C
100,4500000871,20240201,0000010140,8267383,EUR,1000,TA,C
100,4500000872,20240126,0000010095,2777999,MXN,1000,TA,C
100,4500000873,20240401,0000010048,17022610,MXN,1000,TA,C
100,4500000874,20240326,0000010068,1989130,MXN,1000,TA,C
100,4500000875,20230820,0000010068,6685165,MXN,1000,TA,C
100,4500000876,20230305,0000010145,1613003,MXN,1000,TA,C
100,4500000877,20241214,0000010193,3648666,MXN,1000,TA,C
100,4500000878,20230329,0000010025,4134906,EUR,1000,TA,C
100,4500000879,20250407,0000010089,917264,EUR,1000,TA,C
100,4500000880,20250213,0000010106,10152259,USD,1000,TA,C
100,4500000881,20240720,0000010059,23828875,USD,1000,TA,C
100,4500000882,20250418,0000010100,5874620,MXN,1000,TA,C
100,4500000883,20240702,0000010108,12449619,USD,1000,TA,C
100,4500000884,20240809,0000010122,10314016,EUR,1000,TA,C
100,4500000885,20231103,0000010122,9773343,MXN,1000,TA,C
100,4500000886,20250524,0000010102,11627168,MXN,1000,TA,C
100,4500000887,20240529,0000010009,1412211,JPY,1000,TA,C
100,4500000888,20250330,0000010133,7211791,USD,1000,TA,C
100,4500000889,20240927,0000010174,17195922,USD,1000,TA,C
100,4500000890,20250214,0000010031,16876230,MXN,1000,TA,C
100,4500000891,20230621,0000010045,24670242,MXN,1000,TA,C
100,4500000892,20230510,0000010050,7564772,MXN,1000,TA,C
100,4500000893,20230322,0000010109,2409073,MXN,1000,TA,C
100,4500000894,20230726,0000010112,680656,EUR,1000,TA,C
100,4500000895,20250504,0000010038,11492235,USD,1000,TA,C
100,4500000896,20231124,0000010067,6649500,USD,1000,TA,C
100,4500000897,20230331,0000010018,4647434,JPY,1000,TA,C
100,4500000898,20240211,0000010143,6602960,MXN,1000,TA,C
100,4500000899,20250527,0000010084,20196015,USD,1000,TA,C
100,4500000900,20240414,0000010134,12615204,MXN,1000,TA,C
100,4500000901,20240930,0000010180,2197892,MXN,1000,TA,C
100,4500000902,20250311,0000010134,17819572,USD,1000,TA,C
100,4500000903,20240229,0000010029,295014,MXN,1000,TA,C
100,4500000904,20240803,0000010038,5489584,MXN,1000,TA,C
100,4500000905,20250215,0000010150,17600326,USD,1000,TA,C
100,4500000906,20240730,0000010028,3957488,MXN,1000,TA,C
100,4500000907,20250315,0000010026,9437327,CLP,1000,TA,C
100,4500000908,20250607,0009990907,17187883,MXN,1000,TA,C
100,4500000909,20250617,0000010089,12316484,USD,1000,TA,C
100,4500000910,20240128,0000010068,14036616,MXN,1000,TA,C
100,4500000911,20240808,0000010125,3504144,EUR,1000,TA,C
100,4500000912,20230208,0000010122,3034468,USD,1000,TA,C
100,4500000913,20240217,0000010071,4806160,MXN,1000,TA,C
100,4500000914,20240915,0000010159,21436212,MXN,1000,TA,C
100,4500000915,20240216,0000010178,978299,EUR,1000,TA,C
100,4500000916,20250619,0000010102,11872520,MXN,1000,TA,C
100,4500000917,20230901,0000010177,14584648,MXN,1000,TA,C
100,4500000918,20240501,0000010191,3593754,MXN,1000,TA,C
100,4500000919,20230121,0000010096,4037102,MXN,1000,TA,C
100,4500000920,20231115,0000010078,2941897,MXN,1000,TA,C
100,4500000921,20250528,0000010126,16427529,MXN,1000,TA,C
100,4500000922,20230411,0000010176,14819797,EUR,1000,TA,C
100,4500000923,20231104,0000010035,16519142,MXN,1000,TA,C
100,4500000924,20250303,0000010114,1018404,JPY,1000,TA,C
100,4500000925,20250116,0000010069,2707914,MXN,1000,TA,C
100,4500000926,20241023,0000010155,5660179,MXN,1000,TA,C
100,4500000927,20240328,0000010049,12055809,MXN,1000,TA,C
100,4500000928,20250128,0000010105,753456,MXN,1000,TA,C
100,4500000929,20240612,0000010195,14130343,USD,1000,TA,C
100,4500000930,20240611,0000010015,14436453,MXN,1000,TA,C
100,4500000931,20231115,0000010017,10242658,MXN,1000,TA,C
100,4500000932,20240218,0000010130,12266464,JPY,1000,TA,C
100,4500000933,20250521,0000010200,1356584,MXN,1000,TA,C
100,4500000934,20230130,0000010146,5837510,USD,1000,TA,C
100,4500000935,20250615,0000010050,268352,MXN,1000,TA,C
100,4500000936,20230913,0000010015,19559863,MXN,1000,TA,C
100,4500000937,20230221,0000010117,17805295,MXN,1000,TA,C
100,4500000938,20230723,0000010181,9519318,MXN,1000,TA,C
100,4500000939,20250423,0000010095,6417961,MXN,1000,TA,C
100,4500000940,20240211,0000010130,3685186,MXN,1000,TA,C
100,4500000941,20241128,0000010032,6330802,USD,1000,TA,C
100,4500000942,20240117,0000010062,4323987,MXN,1000,TA,C
100,4500000943,20240401,0000010153,12882420,USD,1000,TA,C
100,4500000944,20240823,0000010122,9475460,MXN,1000,TA,C
100,4500000945,20231219,0000010090,13229644,USD,1000,TA,C
100,4500000946,20250205,0000010067,6340365,MXN,1000,TA,C
100,4500000947,20231019,0000010024,3927654,EUR,1000,TA,C
100,4500000948,20230220,0000010099,5414962,MXN,1000,TA,C
100,4500000949,20250309,0000010147,18554495,MXN,1000,TA,C
100,4500000950,20241024,0000010057,16253208,MXN,1000,TA,C
100,4500000951,20230731,0000010174,6992765,MXN,1000,TA,C
100,4500000952,20240224,0000010167,8891140,MXN,1000,TA,C
100,4500000953,20250604,0000010006,17840987,USD,1000,TA,C
100,4500000954,20241129,0000010197,10700469,CLP,1000,TA,C
100,4500000955,20230516,0000010122,18979944,MXN,1000,TA,C
100,4500000956,20230627,0009990955,8718402,EUR,1000,TA,C
100,4500000957,20230818,0000010003,6715013,USD,1000,TA,C
100,4500000958,20250404,0000010156,13746414,MXN,1000,TA,C
100,4500000959,20241227,0000010183,2609688,MXN,1000,TA,C
100,4500000960,20240309,0000010071,16856290,EUR,1000,TA,C
100,4500000961,20240415,0000010090,12758891,MXN,1000,TA,C
100,4500000962,20240422,0000010056,21478501,MXN,1000,TA,C
100,4500000963,20240617,0000010174,21263675,MXN,1000,TA,C
100,4500000964,20240821,0000010102,4573309,USD,1000,TA,C
100,4500000965,20240607,0000010002,17310150,MXN,1000,TA,C
100,4500000966,20240728,0000010096,3683722,EUR,1000,TA,C
100,4500000967,20240831,,22756484,EUR,1000,TA,C
100,4500000968,20231102,0000010073,615910,USD,1000,TA,C
100,4500000969,20240508,0000010028,13737309,EUR,1000,TA,C
100,4500000970,20231011,0000010087,7515257,MXN,1000,TA,C
100,4500000971,20250601,0000010084,2715461,USD,1000,TA,C
100,4500000972,20241102,0000010067,1031160,MXN,1000,TA,C
100,4500000973,20231102,0000010167,19249047,JPY,1000,TA,C
100,4500000974,20240613,0000010039,12719830,MXN,1000,TA,C
100,4500000975,20230228,0000010062,2168404,CLP,1000,TA,C
100,4500000976,20241107,0000010104,11195166,USD,1000,TA,C
100,4500000977,20230524,0000010175,4430718,MXN,1000,TA,C
100,4500000978,20241102,0000010007,4892992,JPY,1000,TA,C
100,4500000979,20230923,0000010076,14286944,USD,1000,TA,C
100,4500000980,20240202,0000010104,3958118,MXN,1000,TA,C
100,4500000981,20240820,0000010010,7294163,JPY,1000,TA,C
100,4500000982,20250415,0000010147,25348355,JPY,1000,TA,C
100,4500000983,20250113,0000010088,6777210,MXN,1000,TA,C
100,4500000984,20241203,0000010057,11523722,JPY,1000,TA,C
100,4500000985,20250314,0000010164,22793170,USD,1000,TA,C
100,4500000986,20240103,0000010172,9264825,USD,1000,TA,C
100,4500000987,20250515,0000010077,2111856,USD,1000,TA,C
100,4500000988,20250616,0000010169,4479799,MXN,1000,TA,C
100,4500000989,20231028,0000010047,7920403,USD,1000,TA,C
100,4500000990,20230512,0000010121,2703551,MXN,1000,TA,C
100,4500000991,20250112,0000010067,10493190,JPY,1000,TA,C
100,4500000992,20230707,0000010196,12853689,USD,1000,TA,C
100,4500000993,20241101,0000010086,5575392,EUR,1000,TA,C
100,4500000994,20231230,0000010057,4454285,MXN,1000,TA,C
100,4500000995,20250611,0000010191,5485590,MXN,1000,TA,C
100,4500000996,20250318,0000010108,13797865,MXN,1000,TA,C
100,4500000997,20230924,0000010096,4812480,MXN,1000,TA,C
100,4500000998,20240419,0000010076,14586682,USD,1000,TA,C
100,4500000999,20230224,0000010121,2945817,MXN,1000,TA,C
100,4500001000,20240817,0000010150,5476,USD,1000,TA,C
