fecha,canal,tipo,real,ajustado,proyeccion,ci_low,ci_high
2025-01-01,eglobal,historico,1571060,,,,
2025-01-01,spei,historico,,,,,
2025-01-02,eglobal,historico,2170696,2131165,,,
2025-01-02,spei,historico,1887769,1517793,,,
2025-01-03,eglobal,historico,2244235,2268805,,,
2025-01-03,spei,historico,1450623,1479068,,,
2025-01-04,eglobal,historico,2159736,2150754,,,
2025-01-04,spei,historico,1306823,1357166,,,
2025-01-05,eglobal,historico,2077083,2037450,,,
2025-01-05,spei,historico,1008707,985180,,,
2025-01-06,eglobal,historico,2246464,2191105,,,
2025-01-06,spei,historico,1236399,1250836,,,
2025-01-07,eglobal,historico,2080092,2076352,,,
2025-01-07,spei,historico,1058852,1136357,,,
2025-01-08,eglobal,historico,2049934,2140874,,,
2025-01-08,spei,historico,1007179,1128284,,,
2025-01-09,eglobal,historico,2026344,2103390,,,
2025-01-09,spei,historico,1099447,1202937,,,
2025-01-10,eglobal,historico,2207538,2250193,,,
2025-01-10,spei,historico,1429043,1484389,,,
2025-01-11,eglobal,historico,2173788,2175301,,,
2025-01-11,spei,historico,1284419,1362048,,,
2025-01-12,eglobal,historico,2024856,2038299,,,
2025-01-12,spei,historico,933159,988724,,,
2025-01-13,eglobal,historico,2212197,2216112,,,
2025-01-13,spei,historico,1281629,1255336,,,
2025-01-14,eglobal,historico,2109756,2100049,,,
2025-01-14,spei,historico,1327308,1264671,,,
2025-01-15,eglobal,historico,2393398,2302811,,,
2025-01-15,spei,historico,1719454,1577967,,,
2025-01-16,eglobal,historico,2253478,2237425,,,
2025-01-16,spei,historico,1500041,1480594,,,
2025-01-17,eglobal,historico,2359117,2355498,,,
2025-01-17,spei,historico,1689762,1696037,,,
2025-01-18,eglobal,historico,2312955,2243644,,,
2025-01-18,spei,historico,1423736,1366948,,,
2025-01-19,eglobal,historico,2131443,2084223,,,
2025-01-19,spei,historico,1009094,992281,,,
2025-01-20,eglobal,historico,2284275,2241405,,,
2025-01-20,spei,historico,1280177,1259852,,,
2025-01-21,eglobal,historico,2125558,2124018,,,
2025-01-21,spei,historico,1073643,1144548,,,
2025-01-22,eglobal,historico,2183718,2190022,,,
2025-01-22,spei,historico,1053435,1136417,,,
2025-01-23,eglobal,historico,2149365,2151676,,,
2025-01-23,spei,historico,1161637,1211607,,,
2025-01-24,eglobal,historico,2305016,2301849,,,
2025-01-24,spei,historico,1487748,1495089,,,
2025-01-25,eglobal,historico,2280354,2225238,,,
2025-01-25,spei,historico,1350809,1371866,,,
2025-01-26,eglobal,historico,2122378,2108011,,,
2025-01-26,spei,historico,959786,995851,,,
2025-01-27,eglobal,historico,2279391,2266987,,,
2025-01-27,spei,historico,1232968,1264384,,,
2025-01-28,eglobal,historico,2156828,2124903,,,
2025-01-28,spei,historico,1170909,1148666,,,
2025-01-29,eglobal,historico,2226342,2215017,,,
2025-01-29,spei,historico,1296652,1220693,,,
2025-01-30,eglobal,historico,2303452,2245906,,,
2025-01-30,spei,historico,1581090,1523451,,,
2025-01-31,eglobal,historico,2493232,2514708,,,
2025-01-31,spei,historico,2060138,2096632,,,
2025-02-01,eglobal,historico,2386543,2439372,,,
2025-02-01,spei,historico,1681753,1807232,,,
2025-02-02,eglobal,historico,2116373,2183409,,,
2025-02-02,spei,historico,1077860,1260749,,,
2025-02-03,eglobal,historico,2309576,,,,
2025-02-03,spei,historico,1239428,,,,
2025-02-04,eglobal,historico,2246982,2242355,,,
2025-02-04,spei,historico,1297667,1372347,,,
2025-02-05,eglobal,historico,2212221,2212115,,,
2025-02-05,spei,historico,1209289,1225084,,,
2025-02-06,eglobal,historico,2163028,2220398,,,
2025-02-06,spei,historico,1264940,1306141,,,
2025-02-07,eglobal,historico,2404666,2446657,,,
2025-02-07,spei,historico,1586743,1611740,,,
2025-02-08,eglobal,historico,2298149,2345884,,,
2025-02-08,spei,historico,1425372,1478903,,,
2025-02-09,eglobal,historico,2147976,2105448,,,
2025-02-09,spei,historico,1031681,1073550,,,
2025-02-10,eglobal,historico,2306917,2319029,,,
2025-02-10,spei,historico,1326710,1363035,,,
2025-02-11,eglobal,historico,2204899,2179648,,,
2025-02-11,spei,historico,1170760,1238288,,,
2025-02-12,eglobal,historico,2229291,2237362,,,
2025-02-12,spei,historico,1203591,1229491,,,
2025-02-13,eglobal,historico,2301095,2245739,,,
2025-02-13,spei,historico,1498765,1453626,,,
2025-02-14,eglobal,historico,2665909,2631723,,,
2025-02-14,spei,historico,2138292,2254106,,,
2025-02-15,eglobal,historico,2446062,2495372,,,
2025-02-15,spei,historico,1867143,1820258,,,
2025-02-16,eglobal,historico,2263438,2203980,,,
2025-02-16,spei,historico,1259230,1226620,,,
2025-02-17,eglobal,historico,2390334,2427156,,,
2025-02-17,spei,historico,1496554,1483668,,,
2025-02-18,eglobal,historico,2204342,2228756,,,
2025-02-18,spei,historico,1235010,1242743,,,
2025-02-19,eglobal,historico,2166021,2262897,,,
2025-02-19,spei,historico,1146979,1233914,,,
2025-02-20,eglobal,historico,2230787,2271370,,,
2025-02-20,spei,historico,1263232,1315555,,,
2025-02-21,eglobal,historico,2457653,2502823,,,
2025-02-21,spei,historico,1589437,1623358,,,
2025-02-22,eglobal,historico,2389538,2399737,,,
2025-02-22,spei,historico,1452309,1489563,,,
2025-02-23,eglobal,historico,2244695,2153782,,,
2025-02-23,spei,historico,1020785,1081288,,,
2025-02-24,eglobal,historico,2355886,2372266,,,
2025-02-24,spei,historico,1308592,1372860,,,
2025-02-25,eglobal,historico,2234172,2229685,,,
2025-02-25,spei,historico,1172803,1247214,,,
2025-02-26,eglobal,historico,2307425,2288724,,,
2025-02-26,spei,historico,1249947,1238353,,,
2025-02-27,eglobal,historico,2332741,2370841,,,
2025-02-27,spei,historico,1531004,1545492,,,
2025-02-28,eglobal,historico,2850456,2734267,,,
2025-02-28,spei,historico,2260595,2126965,,,
2025-03-01,eglobal,historico,2619292,2553343,,,
2025-03-01,spei,historico,1876865,1833378,,,
2025-03-02,eglobal,historico,2347448,2308870,,,
2025-03-02,spei,historico,1234656,1235461,,,
2025-03-03,eglobal,historico,2558323,2494997,,,
2025-03-03,spei,historico,1554954,1495100,,,
2025-03-04,eglobal,historico,2239481,2252091,,,
2025-03-04,spei,historico,1257283,1251701,,,
2025-03-05,eglobal,historico,2310238,2322411,,,
2025-03-05,spei,historico,1219096,1242808,,,
2025-03-06,eglobal,historico,2317040,2293454,,,
2025-03-06,spei,historico,1299154,1325038,,,
2025-03-07,eglobal,historico,2512933,2540631,,,
2025-03-07,spei,historico,1643730,1635059,,,
2025-03-08,eglobal,historico,2437311,2455487,,,
2025-03-08,spei,historico,1465603,1500300,,,
2025-03-09,eglobal,historico,2209079,2256283,,,
2025-03-09,spei,historico,1029826,1089082,,,
2025-03-10,eglobal,historico,2372608,2426725,,,
2025-03-10,spei,historico,1349625,1382755,,,
2025-03-11,eglobal,historico,2218864,2253029,,,
2025-03-11,spei,historico,1170556,1256204,,,
2025-03-12,eglobal,historico,2287053,2348917,,,
2025-03-12,spei,historico,1207177,1247279,,,
2025-03-13,eglobal,historico,2255119,2319630,,,
2025-03-13,spei,historico,1444181,1474657,,,
2025-03-14,eglobal,historico,2629131,2732806,,,
2025-03-14,spei,historico,2117794,2286718,,,
2025-03-15,eglobal,historico,2541305,2611959,,,
2025-03-15,spei,historico,1891964,1846593,,,
2025-03-16,eglobal,historico,2291432,2393544,,,
2025-03-16,spei,historico,1232106,1288207,,,
2025-03-17,eglobal,historico,2401073,,,,
2025-03-17,spei,historico,1314203,,,,
2025-03-18,eglobal,historico,2312762,2359537,,,
2025-03-18,spei,historico,1322507,1401544,,,
2025-03-19,eglobal,historico,2311991,2375725,,,
2025-03-19,spei,historico,1240009,1251766,,,
2025-03-20,eglobal,historico,2290621,2346104,,,
2025-03-20,spei,historico,1341750,1334588,,,
2025-03-21,eglobal,historico,2577600,2598955,,,
2025-03-21,spei,historico,1668844,1646844,,,
2025-03-22,eglobal,historico,2454123,2511857,,,
2025-03-22,spei,historico,1463721,1511114,,,
2025-03-23,eglobal,historico,2313421,2308080,,,
2025-03-23,spei,historico,1055075,1096932,,,
2025-03-24,eglobal,historico,2448157,2482434,,,
2025-03-24,spei,historico,1325767,1392722,,,
2025-03-25,eglobal,historico,2320784,2330084,,,
2025-03-25,spei,historico,1184314,1265258,,,
2025-03-26,eglobal,historico,2389816,2402840,,,
2025-03-26,spei,historico,1184181,1256269,,,
2025-03-27,eglobal,historico,2372586,2372881,,,
2025-03-27,spei,historico,1323727,1339390,,,
2025-03-28,eglobal,historico,2763926,2683278,,,
2025-03-28,spei,historico,1961094,1744645,,,
2025-03-29,eglobal,historico,2616017,2540525,,,
2025-03-29,spei,historico,1709910,1516550,,,
2025-03-30,eglobal,historico,2452698,2334422,,,
2025-03-30,spei,historico,1223942,1220794,,,
2025-03-31,eglobal,historico,2717793,2711992,,,
2025-03-31,spei,historico,1934786,2062342,,,
2025-04-01,eglobal,historico,2630875,2681948,,,
2025-04-01,spei,historico,1569129,1689884,,,
2025-04-02,eglobal,historico,2569876,2568573,,,
2025-04-02,spei,historico,1334132,1435391,,,
2025-04-03,eglobal,historico,2833722,2491408,,,
2025-04-03,spei,historico,1403442,1344208,,,
2025-04-04,eglobal,historico,2776161,2597268,,,
2025-04-04,spei,historico,1715529,1658714,,,
2025-04-05,eglobal,historico,2762152,2517231,,,
2025-04-05,spei,historico,1527737,1522006,,,
2025-04-06,eglobal,historico,2583810,2353670,,,
2025-04-06,spei,historico,1066210,1104839,,,
2025-04-07,eglobal,historico,2750642,2539422,,,
2025-04-07,spei,historico,1364808,1402761,,,
2025-04-08,eglobal,historico,2590560,2529337,,,
2025-04-08,spei,historico,1194152,1274378,,,
2025-04-09,eglobal,historico,2585793,2572501,,,
2025-04-09,spei,historico,1226642,1265325,,,
2025-04-10,eglobal,historico,2582768,2532427,,,
2025-04-10,spei,historico,1395027,1349044,,,
2025-04-11,eglobal,historico,2783553,2686993,,,
2025-04-11,spei,historico,1808382,1664681,,,
2025-04-12,eglobal,historico,2679054,2570853,,,
2025-04-12,spei,historico,1544429,1527481,,,
2025-04-13,eglobal,historico,2435328,2425488,,,
2025-04-13,spei,historico,1083839,1108813,,,
2025-04-14,eglobal,historico,2695572,2510235,,,
2025-04-14,spei,historico,1644323,1561156,,,
2025-04-15,eglobal,historico,2752365,2653851,,,
2025-04-15,spei,historico,1905785,1782286,,,
2025-04-16,eglobal,historico,2778190,2634233,,,
2025-04-16,spei,historico,1864507,1612252,,,
2025-04-17,eglobal,historico,2576305,,,,
2025-04-17,spei,historico,1357759,,,,
2025-04-18,eglobal,historico,2485893,,,,
2025-04-18,spei,historico,1036478,,,,
2025-04-19,eglobal,historico,2441194,2401161,,,
2025-04-19,spei,historico,1108526,1241294,,,
2025-04-20,eglobal,historico,2395157,2240761,,,
2025-04-20,spei,historico,960732,901067,,,
2025-04-21,eglobal,historico,2759281,2566193,,,
2025-04-21,spei,historico,1385898,1448170,,,
2025-04-22,eglobal,historico,2608733,2527471,,,
2025-04-22,spei,historico,1226307,1283563,,,
2025-04-23,eglobal,historico,2604338,2503326,,,
2025-04-23,spei,historico,1202857,1274445,,,
2025-04-24,eglobal,historico,2481290,2459522,,,
2025-04-24,spei,historico,1293922,1358768,,,
2025-04-25,eglobal,historico,2666341,2717165,,,
2025-04-25,spei,historico,1658605,1676680,,,
2025-04-26,eglobal,historico,2554499,2628297,,,
2025-04-26,spei,historico,1490464,1538491,,,
2025-04-27,eglobal,historico,2346730,2426057,,,
2025-04-27,spei,historico,1060410,1116805,,,
2025-04-28,eglobal,historico,2927954,2641130,,,
2025-04-28,spei,historico,1516265,1417954,,,
2025-04-29,eglobal,historico,3234767,2709564,,,
2025-04-29,spei,historico,1500880,1507908,,,
2025-04-30,eglobal,historico,3033750,2846502,,,
2025-04-30,spei,historico,2036214,1953687,,,
2025-05-01,eglobal,historico,2491977,,,,
2025-05-01,spei,historico,1466972,,,,
2025-05-02,eglobal,historico,2778100,2828700,,,
2025-05-02,spei,historico,1929988,2130783,,,
2025-05-03,eglobal,historico,2554954,2598023,,,
2025-05-03,spei,historico,1570247,1544026,,,
2025-05-04,eglobal,historico,2348080,2355636,,,
2025-05-04,spei,historico,1100907,1120823,,,
2025-05-05,eglobal,historico,2586782,2530729,,,
2025-05-05,spei,historico,1461323,1423055,,,
2025-05-06,eglobal,historico,2444816,2406613,,,
2025-05-06,spei,historico,1296190,1292815,,,
2025-05-07,eglobal,historico,2514971,2487358,,,
2025-05-07,spei,historico,1285408,1283631,,,
2025-05-08,eglobal,historico,2492484,2437132,,,
2025-05-08,spei,historico,1406368,1368561,,,
2025-05-09,eglobal,historico,2781249,2649385,,,
2025-05-09,spei,historico,1912893,1808745,,,
2025-05-10,eglobal,historico,2600404,2541725,,,
2025-05-10,spei,historico,1663664,1659671,,,
2025-05-11,eglobal,historico,2353955,2350172,,,
2025-05-11,spei,historico,1086307,1204771,,,
2025-05-12,eglobal,historico,2598271,2497409,,,
2025-05-12,spei,historico,1442636,1428175,,,
2025-05-13,eglobal,historico,2464607,2401032,,,
2025-05-13,spei,historico,1358330,1297466,,,
2025-05-14,eglobal,historico,2508597,2481589,,,
2025-05-14,spei,historico,1499957,1428574,,,
2025-05-15,eglobal,historico,2663093,2585885,,,
2025-05-15,spei,historico,2057138,1914007,,,
2025-05-16,eglobal,historico,2763591,2779949,,,
2025-05-16,spei,historico,2103667,2078560,,,
2025-05-17,eglobal,historico,2596929,2624549,,,
2025-05-17,spei,historico,1692902,1770523,,,
2025-05-18,eglobal,historico,2398880,2391098,,,
2025-05-18,spei,historico,1178976,1128902,,,
2025-05-19,eglobal,historico,2516008,2519004,,,
2025-05-19,spei,historico,1497272,1433313,,,
2025-05-20,eglobal,historico,2367959,2395463,,,
2025-05-20,spei,historico,1342275,1302134,,,
2025-05-21,eglobal,historico,2494857,2475834,,,
2025-05-21,spei,historico,1285737,1292883,,,
2025-05-22,eglobal,historico,2448019,2425841,,,
2025-05-22,spei,historico,1370285,1378426,,,
2025-05-23,eglobal,historico,2664450,2637110,,,
2025-05-23,spei,historico,1725576,1700938,,,
2025-05-24,eglobal,historico,2541349,2529949,,,
2025-05-24,spei,historico,1537916,1560749,,,
2025-05-25,eglobal,historico,2360650,2339284,,,
2025-05-25,spei,historico,1098310,1132963,,,
2025-05-26,eglobal,historico,2536024,2513162,,,
2025-05-26,spei,historico,1422011,1438469,,,
2025-05-27,eglobal,historico,2378551,2363924,,,
2025-05-27,spei,historico,1294651,1306818,,,
2025-05-28,eglobal,historico,2447829,2470092,,,
2025-05-28,spei,historico,1359229,1297534,,,
2025-05-29,eglobal,historico,2377871,2497698,,,
2025-05-29,spei,historico,1579943,1619351,,,
2025-05-30,eglobal,historico,2776317,2841855,,,
2025-05-30,spei,historico,2365167,2228613,,,
2025-05-31,eglobal,historico,2550983,2654627,,,
2025-05-31,spei,historico,1925996,1920996,,,
2025-06-01,eglobal,historico,2400978,2432992,,,
2025-06-01,spei,historico,1329382,1294504,,,
2025-06-02,eglobal,historico,2625534,2645740,,,
2025-06-02,spei,historico,1668193,1699084,,,
2025-06-03,eglobal,historico,2403635,2386576,,,
2025-06-03,spei,historico,1400877,1311519,,,
2025-06-04,eglobal,historico,2387744,2436356,,,
2025-06-04,spei,historico,1330811,1302202,,,
2025-06-05,eglobal,historico,2368899,2396088,,,
2025-06-05,spei,historico,1433487,1388361,,,
2025-06-06,eglobal,historico,2609706,2617912,,,
2025-06-06,spei,historico,1744774,1713198,,,
2025-06-07,eglobal,historico,2428206,2546302,,,
2025-06-07,spei,historico,1565285,1571999,,,
2025-06-08,eglobal,historico,2281885,2345297,,,
2025-06-08,spei,historico,1102475,1141129,,,
2025-06-09,eglobal,historico,2465409,2501518,,,
2025-06-09,spei,historico,1436070,1448837,,,
2025-06-10,eglobal,historico,2295060,2355153,,,
2025-06-10,spei,historico,1305126,1316237,,,
2025-06-11,eglobal,historico,2384563,2430705,,,
2025-06-11,spei,historico,1277538,1306887,,,
2025-06-12,eglobal,historico,2328454,2390531,,,
2025-06-12,spei,historico,1429164,1545130,,,
2025-06-13,eglobal,historico,2698020,2777700,,,
2025-06-13,spei,historico,2204263,2396000,,,
2025-06-14,eglobal,historico,2606703,2671786,,,
2025-06-14,spei,historico,1932686,1934842,,,
2025-06-15,eglobal,historico,2446335,2421720,,,
2025-06-15,spei,historico,1421474,1303834,,,
2025-06-16,eglobal,historico,2539226,2582606,,,
2025-06-16,spei,historico,1764238,1577064,,,
2025-06-17,eglobal,historico,2360745,2375519,,,
2025-06-17,spei,historico,1455238,1320973,,,
2025-06-18,eglobal,historico,2364143,2425068,,,
2025-06-18,spei,historico,1349404,1311588,,,
2025-06-19,eglobal,historico,2279854,2384987,,,
2025-06-19,spei,historico,1383422,1398368,,,
2025-06-20,eglobal,historico,2571201,2605783,,,
2025-06-20,spei,historico,1763612,1725547,,,
2025-06-21,eglobal,historico,2491454,2534505,,,
2025-06-21,spei,historico,1569009,1583330,,,
2025-06-22,eglobal,historico,2287748,2334431,,,
2025-06-22,spei,historico,1124470,1149354,,,
2025-06-23,eglobal,historico,2474283,2489929,,,
2025-06-23,spei,historico,1432220,1459280,,,
2025-06-24,eglobal,historico,2291322,2370009,,,
2025-06-24,spei,historico,1292796,1325725,,,
2025-06-25,eglobal,historico,2381075,2419443,,,
2025-06-25,spei,historico,1272753,1316307,,,
2025-06-26,eglobal,historico,2336481,2379456,,,
2025-06-26,spei,historico,1443184,1403399,,,
2025-06-27,eglobal,historico,2609369,2653800,,,
2025-06-27,spei,historico,1898614,1828021,,,
2025-06-28,eglobal,historico,2504525,2528626,,,
2025-06-28,spei,historico,1772346,1589026,,,
2025-06-29,eglobal,historico,2263360,2329017,,,
2025-06-29,spei,historico,1240265,1279136,,,
2025-06-30,eglobal,historico,2666562,2683247,,,
2025-06-30,spei,historico,2183673,2160901,,,
2025-07-01,eglobal,historico,2484789,2528660,,,
2025-07-01,spei,historico,1762147,1770644,,,
2025-07-02,eglobal,historico,2436296,2514460,,,
2025-07-02,spei,historico,1484932,1503989,,,
2025-07-03,eglobal,historico,2366438,2447984,,,
2025-07-03,spei,historico,1502316,1408448,,,
2025-07-04,eglobal,historico,2612028,2606853,,,
2025-07-04,spei,historico,1808995,1737984,,,
2025-07-05,eglobal,historico,2476740,2511390,,,
2025-07-05,spei,historico,1605351,1594742,,,
2025-07-06,eglobal,historico,2273021,2237240,,,
2025-07-06,spei,historico,1171784,1157639,,,
2025-07-07,eglobal,historico,2434419,2478393,,,
2025-07-07,spei,historico,1474276,1469799,,,
2025-07-08,eglobal,historico,2268995,2352393,,,
2025-07-08,spei,historico,1296452,1335280,,,
2025-07-09,eglobal,historico,2319396,2423828,,,
2025-07-09,spei,historico,1256473,1325794,,,
2025-07-10,eglobal,historico,2310630,2394938,,,
2025-07-10,spei,historico,1409872,1413515,,,
2025-07-11,eglobal,historico,2510584,2600807,,,
2025-07-11,spei,historico,1776323,1744236,,,
2025-07-12,eglobal,historico,2419410,2478325,,,
2025-07-12,spei,historico,1605218,1600479,,,
2025-07-13,eglobal,historico,2234984,2232052,,,
2025-07-13,spei,historico,1162482,1161803,,,
2025-07-14,eglobal,historico,2443299,2472645,,,
2025-07-14,spei,historico,1514301,1635763,,,
2025-07-15,eglobal,historico,2509829,2495974,,,
2025-07-15,spei,historico,2201763,1867462,,,
2025-07-16,eglobal,historico,2488385,2543277,,,
2025-07-16,spei,historico,1715004,1631809,,,
2025-07-17,eglobal,historico,2391220,2472978,,,
2025-07-17,spei,historico,1556118,1615057,,,
2025-07-18,eglobal,historico,2580991,2646097,,,
2025-07-18,spei,historico,1858837,1750511,,,
2025-07-19,eglobal,historico,2449762,2499755,,,
2025-07-19,spei,historico,1628251,1606237,,,
2025-07-20,eglobal,historico,2285006,2228425,,,
2025-07-20,spei,historico,1169771,1165983,,,
2025-07-21,eglobal,historico,2549939,2470346,,,
2025-07-21,spei,historico,1493296,1480393,,,
2025-07-22,eglobal,historico,2365417,2346387,,,
2025-07-22,spei,historico,1302479,1344905,,,
2025-07-23,eglobal,historico,2403504,2419323,,,
2025-07-23,spei,historico,1250077,1335351,,,
2025-07-24,eglobal,historico,2334675,2392151,,,
2025-07-24,spei,historico,1365982,1423703,,,
2025-07-25,eglobal,historico,2566450,2599589,,,
2025-07-25,spei,historico,1745599,1756809,,,
2025-07-26,eglobal,historico,2452052,2506136,,,
2025-07-26,spei,historico,1572402,1612015,,,
2025-07-27,eglobal,historico,2249182,2234113,,,
2025-07-27,spei,historico,1109527,1170178,,,
2025-07-28,eglobal,historico,2425752,2449724,,,
2025-07-28,spei,historico,1479988,1485718,,,
2025-07-29,eglobal,historico,2312241,2352376,,,
2025-07-29,spei,historico,1441585,1349743,,,
2025-07-30,eglobal,historico,2458405,2503151,,,
2025-07-30,spei,historico,1667935,1568747,,,
2025-07-31,eglobal,historico,2467312,2590465,,,
2025-07-31,spei,historico,1972718,2108218,,,
2025-08-01,eglobal,historico,2709001,2757778,,,
2025-08-01,spei,historico,2110901,2346401,,,
2025-08-02,eglobal,historico,2512773,2600087,,,
2025-08-02,spei,historico,1755745,1841860,,,
2025-08-03,eglobal,historico,2292087,2354199,,,
2025-08-03,spei,historico,1214518,1174387,,,
2025-08-04,eglobal,historico,2489605,2482973,,,
2025-08-04,spei,historico,1560463,1491063,,,
2025-08-05,eglobal,historico,2307913,2351570,,,
2025-08-05,spei,historico,1393632,1354599,,,
2025-08-06,eglobal,historico,2407236,2407949,,,
2025-08-06,spei,historico,1294148,1344976,,,
2025-08-07,eglobal,historico,2319079,2431469,,,
2025-08-07,spei,historico,1397307,1433965,,,
2025-08-08,eglobal,historico,2559764,2578066,,,
2025-08-08,spei,historico,1782373,1769472,,,
2025-08-09,eglobal,historico,2448888,2518608,,,
2025-08-09,spei,historico,1600295,1623635,,,
2025-08-10,eglobal,historico,2245297,2314432,,,
2025-08-10,spei,historico,1135534,1178612,,,
2025-08-11,eglobal,historico,2452134,2489311,,,
2025-08-11,spei,historico,1470953,1496427,,,
2025-08-12,eglobal,historico,2315866,2331940,,,
2025-08-12,spei,historico,1312839,1359472,,,
2025-08-13,eglobal,historico,2383837,2414095,,,
2025-08-13,spei,historico,1430367,1349814,,,
2025-08-14,eglobal,historico,2383347,2437675,,,
2025-08-14,spei,historico,1662388,1595883,,,
2025-08-15,eglobal,historico,2789766,2748779,,,
2025-08-15,spei,historico,2413211,2474701,,,
2025-08-16,eglobal,historico,2614018,2655632,,,
2025-08-16,spei,historico,1969457,1998396,,,
2025-08-17,eglobal,historico,2361804,2401519,,,
2025-08-17,spei,historico,1308419,1346661,,,
2025-08-18,eglobal,historico,2535727,2545026,,,
2025-08-18,spei,historico,1661892,1501811,,,
2025-08-19,eglobal,historico,2378371,2363590,,,
2025-08-19,spei,historico,1406384,1364363,,,
2025-08-20,eglobal,historico,2451174,2420257,,,
2025-08-20,spei,historico,1365715,1354670,,,
2025-08-21,eglobal,historico,2460844,2443897,,,
2025-08-21,spei,historico,1435364,1444301,,,
2025-08-22,eglobal,historico,2647244,2591244,,,
2025-08-22,spei,historico,1795255,1782226,,,
2025-08-23,eglobal,historico,2552796,2531482,,,
2025-08-23,spei,historico,1648381,1635337,,,
2025-08-24,eglobal,historico,2344345,2326262,,,
2025-08-24,spei,historico,1162408,1187107,,,
2025-08-25,eglobal,historico,2492395,2502035,,,
2025-08-25,spei,historico,1510976,1507213,,,
2025-08-26,eglobal,historico,2364970,2343860,,,
2025-08-26,spei,historico,1340613,1369271,,,
2025-08-27,eglobal,historico,2426960,2426435,,,
2025-08-27,spei,historico,1393941,1359543,,,
2025-08-28,eglobal,historico,2692880,2528576,,,
2025-08-28,spei,historico,1601724,1696740,,,
2025-08-29,eglobal,historico,2774780,2806064,,,
2025-08-29,spei,historico,2408879,2335118,,,
2025-08-30,eglobal,historico,2717151,2669206,,,
2025-08-30,spei,historico,2062932,2012800,,,
2025-08-31,eglobal,historico,2536758,2413794,,,
2025-08-31,spei,historico,1491961,1356368,,,
2025-09-01,eglobal,historico,2608269,2646888,,,
2025-09-01,spei,historico,1812887,1780283,,,
2025-09-02,eglobal,historico,2345517,2388192,,,
2025-09-02,spei,historico,1491438,1374197,,,
2025-09-03,eglobal,historico,2398901,2411346,,,
2025-09-03,spei,historico,1372719,1364434,,,
2025-09-04,eglobal,historico,2375334,2361274,,,
2025-09-04,spei,historico,1457671,1454711,,,
2025-09-05,eglobal,historico,2599761,2606331,,,
2025-09-05,spei,historico,1853365,1795072,,,
2025-09-06,eglobal,historico,2533229,2586863,,,
2025-09-06,spei,historico,1697205,1647125,,,
2025-09-07,eglobal,historico,2362910,2383066,,,
2025-09-07,spei,historico,1219080,1195664,,,
2025-09-08,eglobal,historico,2506522,2514825,,,
2025-09-08,spei,historico,1503823,1518077,,,
2025-09-09,eglobal,historico,2301156,2394288,,,
2025-09-09,spei,historico,1333096,1379140,,,
2025-09-10,eglobal,historico,2357889,2417501,,,
2025-09-10,spei,historico,1385493,1369343,,,
2025-09-11,eglobal,historico,2361791,2367301,,,
2025-09-11,spei,historico,1454651,1459944,,,
2025-09-12,eglobal,historico,2592315,2584574,,,
2025-09-12,spei,historico,1977134,1801530,,,
2025-09-13,eglobal,historico,2650615,2593466,,,
2025-09-13,spei,historico,1875326,1653050,,,
2025-09-14,eglobal,historico,2345562,2389148,,,
2025-09-14,spei,historico,1335381,1330674,,,
2025-09-15,eglobal,historico,2694748,2717303,,,
2025-09-15,spei,historico,2081182,2197914,,,
2025-09-16,eglobal,historico,2300164,,,,
2025-09-16,spei,historico,1347143,,,,
2025-09-17,eglobal,historico,2510086,2435721,,,
2025-09-17,spei,historico,1559718,1603676,,,
2025-09-18,eglobal,historico,2393811,2420286,,,
2025-09-18,spei,historico,1543793,1465196,,,
2025-09-19,eglobal,historico,2614602,2619653,,,
2025-09-19,spei,historico,1890899,1808010,,,
2025-09-20,eglobal,historico,2592823,2600086,,,
2025-09-20,spei,historico,1726929,1658997,,,
2025-09-21,eglobal,historico,2466478,2395247,,,
2025-09-21,spei,historico,1263918,1204282,,,
2025-09-22,eglobal,historico,2600590,2527679,,,
2025-09-22,spei,historico,1545949,1529019,,,
2025-09-23,eglobal,historico,2402340,2406527,,,
2025-09-23,spei,historico,1333499,1389081,,,
2025-09-24,eglobal,historico,2430024,2429858,,,
2025-09-24,spei,historico,1329103,1379213,,,
2025-09-25,eglobal,historico,2397058,2379402,,,
2025-09-25,spei,historico,1502050,1470467,,,
2025-09-26,eglobal,historico,2630189,2626340,,,
2025-09-26,spei,historico,1906238,1814515,,,
2025-09-27,eglobal,historico,2583420,2578381,,,
2025-09-27,spei,historico,1755018,1664965,,,
2025-09-28,eglobal,historico,2395608,2401361,,,
2025-09-28,spei,historico,1286191,1208614,,,
2025-09-29,eglobal,historico,2538115,2615261,,,
2025-09-29,spei,historico,1815974,1796265,,,
2025-09-30,eglobal,historico,2765652,2606033,,,
2025-09-30,spei,historico,2193663,2056950,,,
2025-10-01,eglobal,historico,2630200,2600679,,,
2025-10-01,spei,historico,1843984,1842083,,,
2025-10-02,eglobal,historico,2444035,2485278,,,
2025-10-02,spei,historico,1704905,1680130,,,
2025-10-03,eglobal,historico,2678211,2631821,,,
2025-10-03,spei,historico,1977736,1821042,,,
2025-10-04,eglobal,historico,2619279,2582070,,,
2025-10-04,spei,historico,1773053,1670955,,,
2025-10-05,eglobal,historico,2398723,2396954,,,
2025-10-05,spei,historico,1281188,1212962,,,
2025-10-06,eglobal,historico,2509541,2540600,,,
2025-10-06,spei,historico,1571075,1540040,,,
2025-10-07,eglobal,historico,2295349,2391072,,,
2025-10-07,spei,historico,1352359,1399093,,,
2025-10-08,eglobal,historico,2329048,2431205,,,
2025-10-08,spei,historico,1314910,1389154,,,
2025-10-09,eglobal,historico,2334535,2407397,,,
2025-10-09,spei,historico,1439333,1481066,,,
2025-10-10,eglobal,historico,2576498,2587364,,,
2025-10-10,spei,historico,1875216,1827594,,,
2025-10-11,eglobal,historico,2566944,2588661,,,
2025-10-11,spei,historico,1715624,1676966,,,
2025-10-12,eglobal,historico,2371223,2376946,,,
2025-10-12,spei,historico,1236775,1217326,,,
2025-10-13,eglobal,historico,2508801,2547084,,,
2025-10-13,spei,historico,1558701,1545581,,,
2025-10-14,eglobal,historico,2376502,2397175,,,
2025-10-14,spei,historico,1732261,1557074,,,
2025-10-15,eglobal,historico,2628408,2592193,,,
2025-10-15,spei,historico,2119477,1942807,,,
2025-10-16,eglobal,historico,2562708,2538370,,,
2025-10-16,spei,historico,1895886,1822921,,,
2025-10-17,eglobal,historico,2715486,2684721,,,
2025-10-17,spei,historico,2073835,2088176,,,
2025-10-18,eglobal,historico,2640786,2646600,,,
2025-10-18,spei,historico,1819742,1682999,,,
2025-10-19,eglobal,historico,2434487,2409206,,,
2025-10-19,spei,historico,1310512,1221705,,,
2025-10-20,eglobal,historico,2550088,2553586,,,
2025-10-20,spei,historico,1641297,1551141,,,
2025-10-21,eglobal,historico,2519141,2403294,,,
2025-10-21,spei,historico,1440947,1409178,,,
2025-10-22,eglobal,historico,2484773,2443633,,,
2025-10-22,spei,historico,1403745,1399167,,,
2025-10-23,eglobal,historico,2460269,2419702,,,
2025-10-23,spei,historico,1494710,1491742,,,
2025-10-24,eglobal,historico,2606219,2600589,,,
2025-10-24,spei,historico,1813313,1840767,,,
2025-10-25,eglobal,historico,2592328,2601893,,,
2025-10-25,spei,historico,1763373,1689054,,,
2025-10-26,eglobal,historico,2394278,2415356,,,
2025-10-26,spei,historico,1241201,1226100,,,
2025-10-27,eglobal,historico,2535315,2560104,,,
2025-10-27,spei,historico,1581138,1556721,,,
2025-10-28,eglobal,historico,2389059,2383233,,,
2025-10-28,spei,historico,1453634,1414247,,,
2025-10-29,eglobal,historico,2452497,2449870,,,
2025-10-29,spei,historico,1578740,1404200,,,
2025-10-30,eglobal,historico,2557440,2503543,,,
2025-10-30,spei,historico,1988502,1752473,,,
2025-10-31,eglobal,historico,2741656,2816184,,,
2025-10-31,spei,historico,2496222,2411820,,,
2025-11-01,eglobal,historico,2638280,2732996,,,
2025-11-01,spei,historico,1999422,2078915,,,
2025-11-02,eglobal,historico,2315100,2567317,,,
2025-11-02,spei,historico,1361369,1400921,,,
2025-11-03,eglobal,historico,2567112,2668965,,,
2025-11-03,spei,historico,1795798,1695332,,,
2025-11-04,eglobal,historico,2357110,2405195,,,
2025-11-04,spei,historico,1510582,1419335,,,
2025-11-05,eglobal,historico,2473657,2474968,,,
2025-11-05,spei,historico,1475742,1409252,,,
2025-11-06,eglobal,historico,2430592,2479501,,,
2025-11-06,spei,historico,1533667,1502494,,,
2025-11-07,eglobal,historico,2625749,2687820,,,
2025-11-07,spei,historico,1898602,1854035,,,
2025-11-08,eglobal,historico,2575251,2605229,,,
2025-11-08,spei,historico,1751909,1701228,,,
2025-11-09,eglobal,historico,2340754,2486865,,,
2025-11-09,spei,historico,1265535,1234938,,,
2025-11-10,eglobal,historico,2473353,2573190,,,
2025-11-10,spei,historico,1568806,1567942,,,
2025-11-11,eglobal,historico,2360587,2385118,,,
2025-11-11,spei,historico,1427690,1424441,,,
2025-11-12,eglobal,historico,2450136,2481285,,,
2025-11-12,spei,historico,1518218,1414322,,,
2025-11-13,eglobal,historico,2538633,2485830,,,
2025-11-13,spei,historico,1797173,1672151,,,
2025-11-14,eglobal,historico,2898751,2865800,,,
2025-11-14,spei,historico,2557429,2592967,,,
2025-11-15,eglobal,historico,2835359,2746966,,,
2025-11-15,spei,historico,2284018,2093899,,,
2025-11-16,eglobal,historico,2633325,2615041,,,
2025-11-16,spei,historico,1553315,1460731,,,
2025-11-17,eglobal,historico,2817583,,,,
2025-11-17,spei,historico,1642185,,,,
2025-11-18,eglobal,historico,2524446,2475987,,,
2025-11-18,spei,historico,1624114,1589246,,,
2025-11-19,eglobal,historico,2490696,2487619,,,
2025-11-19,spei,historico,1526761,1419410,,,
2025-11-20,eglobal,historico,2468351,2492175,,,
2025-11-20,spei,historico,1571950,1513324,,,
2025-11-21,eglobal,historico,2745838,2701559,,,
2025-11-21,spei,historico,1942025,1930024,,,
2025-11-22,eglobal,historico,2658583,2618546,,,
2025-11-22,spei,historico,1781226,1770954,,,
2025-11-23,eglobal,historico,2452473,2499576,,,
2025-11-23,spei,historico,1296470,1285553,,,
2025-11-24,eglobal,historico,2580653,2586343,,,
2025-11-24,spei,historico,1599185,1632205,,,
2025-11-25,eglobal,historico,2424193,2397310,,,
2025-11-25,spei,historico,1444112,1434708,,,
2025-11-26,eglobal,historico,2523894,2493969,,,
2025-11-26,spei,historico,1466767,1424516,,,
2025-11-27,eglobal,historico,2600564,2578527,,,
2025-11-27,spei,historico,1678137,1777827,,,
2025-11-28,eglobal,historico,2912901,2925524,,,
2025-11-28,spei,historico,2559769,2446713,,,
2025-11-29,eglobal,historico,2774814,,,,
2025-11-29,spei,historico,2099188,,,,
2025-11-30,eglobal,historico,3092793,2593630,,,
2025-11-30,spei,historico,1647572,1421189,,,
2025-12-01,eglobal,historico,2837922,2736077,,,
2025-12-01,spei,historico,2043514,2109863,,,
2025-12-02,eglobal,historico,2485210,2478320,,,
2025-12-02,spei,historico,1703063,1628599,,,
2025-12-03,eglobal,historico,2536939,2618817,,,
2025-12-03,spei,historico,1629946,1617029,,,
2025-12-04,eglobal,historico,2510445,2506358,,,
2025-12-04,spei,historico,1698424,1724019,,,
2025-12-05,eglobal,historico,2724777,2661742,,,
2025-12-05,spei,historico,2205347,2127389,,,
2025-12-06,eglobal,historico,2612527,2557667,,,
2025-12-06,spei,historico,1898535,1952053,,,
2025-12-07,eglobal,historico,2420205,2366349,,,
2025-12-07,spei,historico,1407157,1417014,,,
2025-12-08,eglobal,historico,2588014,2599563,,,
2025-12-08,spei,historico,1745777,1799115,,,
2025-12-09,eglobal,historico,2503168,2484646,,,
2025-12-09,spei,historico,1600107,1634458,,,
2025-12-10,eglobal,historico,2566610,2625502,,,
2025-12-10,spei,historico,1723893,1622846,,,
2025-12-11,eglobal,historico,2588984,2512756,,,
2025-12-11,spei,historico,2029127,1730221,,,
2025-12-12,eglobal,historico,2674520,2639523,,,
2025-12-12,spei,historico,1903930,2135043,,,
2025-12-13,eglobal,historico,2672514,2564196,,,
2025-12-13,spei,historico,1935005,1959076,,,
2025-12-14,eglobal,historico,2420710,2372390,,,
2025-12-14,spei,historico,1502425,1577019,,,
2025-12-15,eglobal,historico,2673498,,,,
2025-12-15,spei,historico,2543037,,,,
2025-12-16,eglobal,historico,2652230,2692881,,,
2025-12-16,spei,historico,2021863,2139968,,,
2025-12-17,eglobal,historico,2518750,,,,
2025-12-17,spei,historico,1334866,,,,
2025-12-18,eglobal,historico,2558717,2640637,,,
2025-12-18,spei,historico,2372408,1847147,,,
2025-12-19,eglobal,historico,2741104,2749954,,,
2025-12-19,spei,historico,2166386,2279326,,,
2025-12-20,eglobal,historico,2655412,2642431,,,
2025-12-20,spei,historico,1935570,2091468,,,
2025-12-21,eglobal,historico,2502902,,,,
2025-12-21,spei,historico,1395921,,,,
2025-12-22,eglobal,historico,2809470,2685715,,,
2025-12-22,spei,historico,1805924,1927607,,,
2025-12-23,eglobal,historico,2780709,,,,
2025-12-23,spei,historico,1774917,,,,
2025-12-24,eglobal,historico,2823964,2674307,,,
2025-12-24,spei,historico,1566371,1677449,,,
2025-12-25,eglobal,historico,1711896,,,,
2025-12-25,spei,historico,,,,,
2025-12-26,eglobal,historico,2518960,2604393,,,
2025-12-26,spei,historico,2339983,2185032,,,
2025-12-27,eglobal,historico,2409084,2577303,,,
2025-12-27,spei,historico,1547970,1744534,,,
2025-12-28,eglobal,historico,2260075,2358591,,,
2025-12-28,spei,historico,1199817,1266374,,,
2025-12-29,eglobal,historico,2487156,2619521,,,
2025-12-29,spei,historico,1680656,1607855,,,
2025-12-30,eglobal,historico,2596852,2583878,,,
2025-12-30,spei,historico,1878003,1709856,,,
2025-12-31,eglobal,historico,2689013,,,,
2025-12-31,spei,historico,1816371,,,,
2026-01-01,eglobal,historico,1629978,,,,
2026-01-01,spei,historico,,,,,
2026-01-02,eglobal,historico,2442264,2479420,,,
2026-01-02,spei,historico,2600707,2257432,,,
2026-01-03,eglobal,historico,2307808,2385228,,,
2026-01-03,spei,historico,1575522,1635799,,,
2026-01-04,eglobal,historico,2188374,2215747,,,
2026-01-04,spei,historico,1233121,1187442,,,
2026-01-05,eglobal,historico,2493235,2382848,,,
2026-01-05,spei,historico,1700354,1507639,,,
2026-01-06,eglobal,historico,2276987,2258053,,,
2026-01-06,spei,historico,1398943,1369657,,,
2026-01-07,eglobal,historico,2296892,2328222,,,
2026-01-07,spei,historico,1308466,1359927,,,
2026-01-08,eglobal,historico,2252740,2287457,,,
2026-01-08,spei,historico,1396436,1449906,,,
2026-01-09,eglobal,historico,2463022,2447107,,,
2026-01-09,spei,historico,1755519,1789142,,,
2026-01-10,eglobal,historico,2331014,2365661,,,
2026-01-10,spei,historico,1636482,1641684,,,
2026-01-11,eglobal,historico,2194833,2241036,,,
2026-01-11,spei,historico,1188885,1191714,,,
2026-01-12,eglobal,historico,2289073,,,,
2026-01-12,spei,historico,1489676,,,,
2026-01-13,eglobal,historico,2254662,2283824,,,
2026-01-13,spei,historico,1471507,1374585,,,
2026-01-14,eglobal,historico,2356354,2354794,,,
2026-01-14,spei,historico,1618470,1513485,,,
2026-01-15,eglobal,historico,2513048,2460481,,,
2026-01-15,spei,historico,2165420,2027771,,,
2026-01-16,eglobal,historico,2637171,2603045,,,
2026-01-16,spei,historico,2197624,2202105,,,
2026-01-17,eglobal,historico,2490303,2476370,,,
2026-01-17,spei,historico,1789931,1875759,,,
2026-01-18,eglobal,historico,2293125,2311444,,,
2026-01-18,spei,historico,1258687,1196001,,,
2026-01-19,eglobal,historico,2459904,2437550,,,
2026-01-19,spei,historico,1573092,1518505,,,
2026-01-20,eglobal,historico,2332686,2309890,,,
2026-01-20,spei,historico,1384559,1379530,,,
2026-01-21,eglobal,historico,2458374,2381670,,,
2026-01-21,spei,historico,1309839,1369729,,,
2026-01-22,eglobal,historico,2396671,2339969,,,
2026-01-22,spei,historico,1438176,1460356,,,
2026-01-23,eglobal,historico,2613941,2503284,,,
2026-01-23,spei,historico,1781069,1802038,,,
2026-01-24,eglobal,historico,2439330,2419969,,,
2026-01-24,spei,historico,1646870,1653517,,,
2026-01-25,eglobal,historico,2291057,2292482,,,
2026-01-25,spei,historico,1198239,1200304,,,
2026-01-26,eglobal,historico,2429042,2465370,,,
2026-01-26,spei,historico,1462234,1523968,,,
2026-01-27,eglobal,historico,2248470,2310853,,,
2026-01-27,spei,historico,1302496,1384492,,,
2026-01-28,eglobal,historico,2370132,2408852,,,
2026-01-28,spei,historico,1400220,1374657,,,
2026-01-29,eglobal,historico,2341462,2442444,,,
2026-01-29,spei,historico,1662809,1836223,,,
2026-01-30,eglobal,historico,2702233,2734770,,,
2026-01-30,spei,historico,2369124,2527081,,,
2026-01-31,eglobal,historico,2512656,2574177,,,
2026-01-31,spei,historico,2097213,2178266,,,
2026-02-01,eglobal,historico,2280651,2374479,,,
2026-02-01,spei,historico,1420820,1519587,,,
2026-02-02,eglobal,historico,2411032,,,,
2026-02-02,spei,historico,1544048,,,,
2026-02-03,eglobal,historico,2417846,2474540,,,
2026-02-03,spei,historico,1606553,1794035,,,
2026-02-04,eglobal,historico,2400257,2405696,,,
2026-02-04,spei,historico,1442145,1476600,,,
2026-02-05,eglobal,historico,2358534,2414704,,,
2026-02-05,spei,historico,1531072,1574298,,,
2026-02-06,eglobal,historico,2579537,2660763,,,
2026-02-06,spei,historico,1880431,1942639,,,
2026-02-07,eglobal,historico,2419616,2551172,,,
2026-02-07,spei,historico,1725154,1782530,,,
2026-02-08,eglobal,historico,2309651,2289695,,,
2026-02-08,spei,historico,1249948,1293956,,,
2026-02-09,eglobal,historico,2488389,2521967,,,
2026-02-09,spei,historico,1575087,1642873,,,
2026-02-10,eglobal,historico,2340985,2370388,,,
2026-02-10,spei,historico,1432219,1492515,,,
2026-02-11,eglobal,historico,2420467,2433153,,,
2026-02-11,spei,historico,1425871,1481912,,,
2026-02-12,eglobal,historico,2503485,2442264,,,
2026-02-12,spei,historico,1617869,1752063,,,
2026-02-13,eglobal,historico,2826134,2862025,,,
2026-02-13,spei,historico,2440731,2716885,,,
2026-02-14,eglobal,historico,2732587,2713742,,,
2026-02-14,spei,historico,2134717,2193967,,,
2026-02-15,eglobal,historico,2384121,2396849,,,
2026-02-15,spei,historico,1576960,1478451,,,
2026-02-16,eglobal,historico,2579882,2639556,,,
2026-02-16,spei,historico,1926492,1788273,,,
2026-02-17,eglobal,historico,2453591,2423794,,,
2026-02-17,spei,historico,1523996,1497884,,,
2026-02-18,eglobal,historico,2484363,2460923,,,
2026-02-18,spei,historico,1419197,1487243,,,
2026-02-19,eglobal,historico,2524479,2470138,,,
2026-02-19,spei,historico,1527951,1585646,,,
2026-02-20,eglobal,historico,2785963,2721845,,,
2026-02-20,spei,historico,1907405,1956641,,,
2026-02-21,eglobal,historico,2687291,2609738,,,
2026-02-21,spei,historico,1730576,1795378,,,
2026-02-22,eglobal,historico,2296308,2342259,,,
2026-02-22,spei,historico,1126946,1303282,,,
2026-02-23,eglobal,historico,2510795,2579862,,,
2026-02-23,spei,historico,1491141,1654715,,,
2026-02-24,eglobal,historico,2470986,2424804,,,
2026-02-24,spei,historico,1380768,1503273,,,
2026-02-25,eglobal,historico,2583332,2489010,,,
2026-02-25,spei,historico,1457289,1492594,,,
2026-02-26,eglobal,historico,2612248,2578313,,,
2026-02-26,spei,historico,1658802,1862789,,,
2026-02-27,eglobal,historico,2977536,2973542,,,
2026-02-27,spei,historico,2496718,2563642,,,
2026-02-28,eglobal,historico,3017527,2776040,,,
2026-02-28,spei,historico,2255448,2209780,,,
2026-03-01,eglobal,historico,2657174,2510919,,,
2026-03-01,spei,historico,1579446,1489107,,,
2026-03-02,eglobal,historico,2842031,2753342,,,
2026-03-02,spei,historico,1896615,1954508,,,
2026-03-03,eglobal,historico,2469744,2449171,,,
2026-03-03,spei,historico,1594179,1508681,,,
2026-03-04,eglobal,historico,2609737,2525644,,,
2026-03-04,spei,historico,1469019,1497963,,,
2026-03-05,eglobal,historico,2577905,2494154,,,
2026-03-05,spei,historico,1585286,1597075,,,
2026-03-06,eglobal,historico,2820571,2762961,,,
2026-03-06,spei,historico,1912606,1970744,,,
2026-03-07,eglobal,historico,2651344,2670366,,,
2026-03-07,spei,historico,1773652,1808319,,,
2026-03-08,eglobal,historico,2496706,2453730,,,
2026-03-08,spei,historico,1269718,1312676,,,
2026-03-09,eglobal,historico,2660649,2639087,,,
2026-03-09,spei,historico,1605123,1666642,,,
2026-03-10,eglobal,historico,2484267,2450191,,,
2026-03-10,spei,historico,1461228,1514109,,,
2026-03-11,eglobal,historico,2598405,2554470,,,
2026-03-11,spei,historico,1440739,1503352,,,
2026-03-12,eglobal,historico,2469928,2522620,,,
2026-03-12,spei,historico,1589944,1777411,,,
2026-03-13,eglobal,historico,2902716,2971953,,,
2026-03-13,spei,historico,2419799,2756192,,,
2026-03-14,eglobal,historico,2788642,2840531,,,
2026-03-14,spei,historico,2097798,2225708,,,
2026-03-15,eglobal,historico,2547424,2603003,,,
2026-03-15,spei,historico,1555954,1552683,,,
2026-03-16,eglobal,historico,2654558,,,,
2026-03-16,spei,historico,1671044,,,,
2026-03-17,eglobal,historico,2618608,2566020,,,
2026-03-17,spei,historico,1658214,1689288,,,
2026-03-18,eglobal,historico,2628302,2583624,,,
2026-03-18,spei,historico,1522555,1508760,,,
2026-03-19,eglobal,historico,2613816,2551411,,,
2026-03-19,spei,historico,1598469,1608586,,,
2026-03-20,eglobal,historico,2894654,2826389,,,
2026-03-20,spei,historico,2013250,1984949,,,
2026-03-21,eglobal,historico,2849875,2731669,,,
2026-03-21,spei,historico,1837143,1821353,,,
2026-03-22,eglobal,historico,2630660,2510060,,,
2026-03-22,spei,historico,1332677,1322138,,,
2026-03-23,eglobal,historico,2764235,2699671,,,
2026-03-23,spei,historico,1610414,1678655,,,
2026-03-24,eglobal,historico,2584872,2533990,,,
2026-03-24,spei,historico,1418875,1525022,,,
2026-03-25,eglobal,historico,2671749,2678104,,,
2026-03-25,spei,historico,1459058,1514188,,,
2026-03-26,eglobal,historico,2660495,2644713,,,
2026-03-26,spei,historico,1627145,1614373,,,
2026-03-27,eglobal,historico,2951353,2929746,,,
2026-03-27,spei,historico,2121291,1992090,,,
2026-03-28,eglobal,historico,2763350,2800776,,,
2026-03-28,spei,historico,1921877,1827905,,,
2026-03-29,eglobal,historico,2347469,2601849,,,
2026-03-29,spei,historico,1318471,1326894,,,
2026-03-30,eglobal,historico,2395132,2775677,,,
2026-03-30,spei,historico,1998124,1972055,,,
2026-03-31,eglobal,historico,2679732,2726836,,,
2026-03-31,spei,historico,2140096,2258251,,,
2026-04-01,eglobal,historico,2900849,2889290,,,
2026-04-01,spei,historico,2221701,2093608,,,
2026-04-02,eglobal,historico,2662449,,,,
2026-04-02,spei,historico,1622596,,,,
2026-04-03,eglobal,historico,2559050,,,,
2026-04-03,spei,historico,1286891,,,,
2026-04-04,eglobal,historico,2466301,2597948,,,
2026-04-04,spei,historico,1398051,1485431,,,
2026-04-05,eglobal,historico,2354605,2429142,,,
2026-04-05,spei,historico,1203231,1078289,,,
2026-04-06,eglobal,historico,2681756,2787372,,,
2026-04-06,spei,historico,1672805,1732996,,,
2026-04-07,eglobal,historico,2546421,2750679,,,
2026-04-07,spei,historico,1501243,1536014,,,
2026-04-08,eglobal,historico,2571025,2729727,,,
2026-04-08,spei,historico,1451559,1525102,,,
2026-04-09,eglobal,historico,2512139,2687204,,,
2026-04-09,spei,historico,1533584,1626009,,,
2026-04-10,eglobal,historico,2808395,2856791,,,
2026-04-10,spei,historico,2005303,2006449,,,
2026-04-11,eglobal,historico,2659891,2763356,,,
2026-04-11,spei,historico,1815033,1841081,,,
2026-04-12,eglobal,historico,2422881,2550723,,,
2026-04-12,spei,historico,1306133,1336458,,,
2026-04-13,eglobal,historico,2707226,2776849,,,
2026-04-13,spei,historico,1792755,1696837,,,
2026-04-14,eglobal,historico,2588594,2760424,,,
2026-04-14,spei,historico,1829790,1709456,,,
2026-04-15,eglobal,historico,2871053,2907674,,,
2026-04-15,spei,historico,2243519,2132937,,,
2026-04-16,eglobal,historico,2754611,2825144,,,
2026-04-16,spei,historico,2041772,2001319,,,
2026-04-17,eglobal,historico,2915037,2949881,,,
2026-04-17,spei,historico,2211569,2292533,,,
2026-04-18,eglobal,historico,2779738,2811476,,,
2026-04-18,spei,historico,1973913,1847704,,,
2026-04-19,eglobal,historico,2514934,2572780,,,
2026-04-19,spei,historico,1418223,1341266,,,
2026-04-20,eglobal,historico,2690599,2770409,,,
2026-04-20,spei,historico,1764006,1702941,,,
2026-04-21,eglobal,historico,2670654,2754022,,,
2026-04-21,spei,historico,1553330,1547086,,,
2026-04-22,eglobal,historico,2655672,2727714,,,
2026-04-22,spei,historico,1508683,1536095,,,
2026-04-23,eglobal,historico,2607864,2679983,,,
2026-04-23,spei,historico,1616097,1637729,,,
2026-04-24,eglobal,historico,2693906,2843555,,,
2026-04-24,spei,historico,1978442,2020911,,,
2026-04-25,eglobal,historico,2805454,2863886,,,
2026-04-25,spei,historico,1865674,1854351,,,
2026-04-26,eglobal,historico,2605545,2672575,,,
2026-04-26,spei,historico,1350406,1346091,,,
2026-04-27,eglobal,historico,2747377,2846581,,,
2026-04-27,spei,historico,1699944,1709068,,,
2026-04-28,eglobal,historico,2646754,2860848,,,
2026-04-28,spei,historico,1718022,1552651,,,
2026-04-29,eglobal,historico,2735310,2924234,,,
2026-04-29,spei,historico,1853694,1804578,,,
2026-04-30,eglobal,historico,2935780,3047377,,,
2026-04-30,spei,historico,2724771,2510591,,,
2026-05-01,eglobal,historico,2887353,,,,
2026-05-01,spei,historico,2081428,,,,
2026-05-02,eglobal,historico,2736149,2873113,,,
2026-05-02,spei,historico,1963613,2118748,,,
2026-05-03,eglobal,historico,2511729,2617553,,,
2026-05-03,spei,historico,1435863,1350934,,,
2026-05-04,eglobal,historico,2797521,2838089,,,
2026-05-04,spei,historico,1906045,1907745,,,
2026-05-05,eglobal,historico,2593952,2622332,,,
2026-05-05,spei,historico,1630943,1558237,,,
2026-05-06,eglobal,historico,2621224,2710314,,,
2026-05-06,spei,historico,1585511,1547167,,,
2026-05-07,eglobal,historico,2517058,2655586,,,
2026-05-07,spei,historico,1668588,1649534,,,
2026-05-08,eglobal,historico,2862300,2886864,,,
2026-05-08,spei,historico,2215095,2035478,,,
2026-05-09,eglobal,historico,2841270,2769554,,,
2026-05-09,spei,historico,2116197,2000410,,,
2026-05-10,eglobal,historico,2549978,2560832,,,
2026-05-10,spei,historico,1523081,1452117,,,
2026-05-11,eglobal,historico,2640967,2751178,,,
2026-05-11,spei,historico,1738297,1843684,,,
2026-05-12,eglobal,historico,2492598,2587805,,,
2026-05-12,spei,historico,1529629,1563843,,,
2026-05-13,eglobal,historico,2735909,2704028,,,
2026-05-13,spei,historico,1657534,1552733,,,
2026-05-14,eglobal,historico,2696105,2649427,,,
2026-05-14,spei,historico,1916411,1835794,,,
2026-05-15,eglobal,historico,3039753,3063067,,,
2026-05-15,spei,historico,2709635,2846725,,,
2026-05-16,eglobal,historico,2942249,2906040,,,
2026-05-16,spei,historico,2300537,2298816,,,
2026-05-17,eglobal,historico,2644927,2644278,,,
2026-05-17,spei,historico,1558912,1549106,,,
2026-05-18,eglobal,historico,2800869,2799086,,,
2026-05-18,spei,historico,1925927,1727579,,,
2026-05-19,eglobal,historico,2618496,2610183,,,
2026-05-19,spei,historico,1635624,1569468,,,
2026-05-20,eglobal,historico,2715009,2697757,,,
2026-05-20,spei,historico,1637626,1558319,,,
2026-05-21,eglobal,historico,2737139,2643283,,,
2026-05-21,spei,historico,1678062,1661424,,,
2026-05-22,eglobal,historico,2933368,2873489,,,
2026-05-22,spei,historico,2032302,2050149,,,
2026-05-23,eglobal,historico,2849178,2756723,,,
2026-05-23,spei,historico,1909311,1881179,,,
2026-05-24,eglobal,historico,2607053,2548967,,,
2026-05-24,spei,historico,1397782,1365566,,,
2026-05-25,eglobal,historico,2789819,2738431,,,
2026-05-25,spei,historico,1741147,1733794,,,
2026-05-26,eglobal,historico,2598283,2575816,,,
2026-05-26,spei,historico,1547283,1575115,,,
2026-05-27,eglobal,historico,2677711,2691500,,,
2026-05-27,spei,historico,1570716,1563925,,,
2026-05-28,eglobal,historico,2692898,2721581,,,
2026-05-28,spei,historico,1716314,1951812,,,
2026-05-29,eglobal,historico,3047312,3096586,,,
2026-05-29,spei,historico,2606722,2686158,,,
2026-05-30,eglobal,historico,2944267,2892576,,,
2026-05-30,spei,historico,2415934,2315386,,,
2026-05-31,eglobal,historico,2663809,2632027,,,
2026-05-31,spei,historico,1682727,1560272,,,
2026-06-01,eglobal,historico,2919860,2882893,,,
2026-06-01,spei,historico,2115049,2047914,,,
2026-06-02,eglobal,historico,2705063,2600498,,,
2026-06-02,spei,historico,1712086,1580781,,,
2026-06-03,eglobal,historico,2677544,2654740,,,
2026-06-03,spei,historico,1592273,1569551,,,
2026-06-04,eglobal,historico,2589924,2610864,,,
2026-06-04,spei,historico,1659198,1673399,,,
2026-06-05,eglobal,historico,2792326,2852571,,,
2026-06-05,spei,historico,2047711,2064926,,,
2026-06-06,eglobal,historico,2747910,2774541,,,
2026-06-06,spei,historico,1899615,1894738,,,
2026-06-07,eglobal,historico,2424777,2555519,,,
2026-06-07,spei,historico,1352732,1375409,,,
2026-06-08,eglobal,historico,2710947,2725744,,,
2026-06-08,spei,historico,1714051,1746291,,,
2026-06-09,eglobal,historico,2532008,2594467,,,
2026-06-09,spei,historico,1558491,1586468,,,
2026-06-10,eglobal,historico,2668829,2648583,,,
2026-06-10,spei,historico,1572292,1575197,,,
2026-06-11,eglobal,historico,2669994,2604808,,,
2026-06-11,spei,historico,1627424,1679419,,,
2026-06-12,eglobal,historico,2889250,2815013,,,
2026-06-12,spei,historico,2187446,2072355,,,
2026-06-13,eglobal,historico,2798788,2768107,,,
2026-06-13,spei,historico,2084597,1901555,,,
2026-06-14,eglobal,historico,2612094,2549593,,,
2026-06-14,spei,historico,1540606,1530715,,,
2026-06-15,eglobal,historico,2690039,2892113,,,
2026-06-15,spei,historico,2393447,2442282,,,
2026-06-16,eglobal,historico,2596591,2722325,,,
2026-06-16,spei,historico,1955885,1952650,,,
2026-06-17,eglobal,historico,2797924,2734889,,,
2026-06-17,spei,historico,1735691,1799792,,,
2026-06-18,eglobal,historico,2768180,2650168,,,
2026-06-18,spei,historico,1748320,1685461,,,
2026-06-19,eglobal,historico,2893032,2839355,,,
2026-06-19,spei,historico,2083088,2079810,,,
2026-06-20,eglobal,historico,2917021,2761687,,,
2026-06-20,spei,historico,2009840,1908395,,,
2026-06-21,eglobal,historico,2745569,2543680,,,
2026-06-21,spei,historico,1415017,1385323,,,
2026-06-22,eglobal,historico,2811471,2713115,,,
2026-06-22,spei,historico,1722392,1758878,,,
2026-06-23,eglobal,historico,2669461,2582447,,,
2026-06-23,spei,historico,1547127,1597903,,,
2026-06-24,eglobal,historico,2748833,2636312,,,
2026-06-24,spei,historico,1515985,1586551,,,
2026-06-25,eglobal,historico,2700716,2592740,,,
2026-06-25,spei,historico,1652955,1691524,,,
2026-06-26,eglobal,historico,2945659,2832769,,,
2026-06-26,spei,historico,2102091,2087292,,,
2026-06-27,eglobal,historico,2844391,2725325,,,
2026-06-27,spei,historico,1947339,1915261,,,
2026-06-28,eglobal,historico,2618369,2537780,,,
2026-06-28,spei,historico,1426518,1390306,,,
2026-06-29,eglobal,historico,2822197,2793482,,,
2026-06-29,spei,historico,2015683,2066299,,,
2026-06-30,eglobal,historico,2948612,2782948,,,
2026-06-30,spei,historico,2333153,2366173,,,
2026-07-01,eglobal,historico,2902491,2838990,,,
2026-07-01,spei,historico,2077676,2119004,,,
2026-07-02,eglobal,historico,2773318,2707188,,,
2026-07-02,spei,historico,1909248,1932705,,,
2026-07-03,eglobal,historico,2981663,2896702,,,
2026-07-03,spei,historico,2189107,2094801,,,
2026-07-04,eglobal,historico,2867475,2736501,,,
2026-07-04,spei,historico,1992413,1922151,,,
2026-07-05,eglobal,historico,1949885,2437777,,,
2026-07-05,spei,historico,1368484,1395308,,,
2026-07-06,eglobal,historico,2667933,2700545,,,
2026-07-06,spei,historico,1720231,1771556,,,
2026-07-07,eglobal,historico,2592709,2563251,,,
2026-07-07,spei,historico,1591957,1609420,,,
2026-07-08,eglobal,historico,2637602,2641090,,,
2026-07-08,spei,historico,1491376,1597987,,,
2026-07-09,eglobal,historico,2646917,2609610,,,
2026-07-09,spei,historico,1630851,1703716,,,
2026-07-10,eglobal,historico,2857509,2833932,,,
2026-07-10,spei,historico,2035177,2102337,,,
2026-07-11,eglobal,historico,2734472,2730154,,,
2026-07-11,spei,historico,1865622,1929066,,,
2026-07-12,eglobal,historico,2527383,2405681,,,
2026-07-12,spei,historico,1352389,1400328,,,
2026-07-13,eglobal,historico,2731178,2694282,,,
2026-07-13,spei,historico,1785081,1777929,,,
2026-07-14,eglobal,historico,2606897,2557306,,,
2026-07-14,spei,historico,1812072,1791151,,,
2026-07-15,eglobal,historico,2861524,2802292,,,
2026-07-15,spei,historico,2280979,2234870,,,
2026-07-16,eglobal,historico,2821521,2738214,,,
2026-07-16,spei,historico,2052103,2096962,,,
2026-07-17,eglobal,historico,2956639,2926278,,,
2026-07-17,spei,historico,2213940,2402093,,,
2026-07-18,eglobal,historico,2749284,2777696,,,
2026-07-18,spei,historico,1964281,1936006,,,
2026-07-19,eglobal,historico,2602439,2426483,,,
2026-07-19,spei,historico,1409480,1405365,,,
2026-07-20,eglobal,historico,2820599,2689905,,,
2026-07-20,spei,historico,1775843,1784325,,,
2026-07-22,eglobal,historico,2783762,2634347,,,
2026-07-22,spei,historico,1484104,1609505,,,
2026-07-23,eglobal,historico,2776718,2604760,,,
2026-07-23,spei,historico,1611867,1715997,,,
2026-07-24,eglobal,historico,2939300,2830634,,,
2026-07-24,spei,historico,2000965,2117490,,,
2026-07-25,eglobal,historico,2845706,2728875,,,
2026-07-25,spei,historico,1858022,1942970,,,
2026-07-26,eglobal,historico,2570183,2432676,,,
2026-07-26,spei,historico,1320942,1410421,,,
2026-07-27,eglobal,historico,2736569,2696771,,,
2026-07-27,spei,historico,1664883,1790744,,,
2026-07-28,eglobal,historico,2601800,2533601,,,
2026-07-28,spei,historico,1549576,1626852,,,
2026-07-29,eglobal,historico,2708352,2641072,,,
2026-07-29,spei,historico,1650782,1615295,,,
2026-07-30,eglobal,historico,2816627,2695012,,,
2026-07-30,spei,historico,2012479,2015923,,,
2026-07-31,eglobal,historico,3022325,3065300,,,
2026-07-31,spei,historico,2529289,2774390,,,
2026-08-01,eglobal,historico,3030023,2876953,,,
2026-08-01,spei,historico,2260166,2391439,,,
2026-08-02,eglobal,historico,2644446,2601662,,,
2026-08-02,spei,historico,1522464,1611522,,,
2026-08-03,eglobal,historico,2875929,2811443,,,
2026-08-03,spei,historico,1918562,1950193,,,
2026-08-04,eglobal,historico,2587490,2560572,,,
2026-08-04,spei,historico,1621068,1632705,,,
2026-08-05,eglobal,proyeccion,,,2621962,2529330,2717986
2026-08-05,spei,proyeccion,,,1621106,1597986,1644560
2026-08-06,eglobal,proyeccion,,,2647572,2553301,2745324
2026-08-06,spei,proyeccion,,,1728365,1702443,1754682
2026-08-07,eglobal,proyeccion,,,2807199,2715506,2901988
2026-08-07,spei,proyeccion,,,2132753,2099871,2166150
2026-08-08,eglobal,proyeccion,,,2742456,2659753,2827731
2026-08-08,spei,proyeccion,,,1956975,1928042,1986342
2026-08-09,eglobal,proyeccion,,,2520133,2444347,2598269
2026-08-09,spei,proyeccion,,,1420587,1399540,1441951
2026-08-10,eglobal,proyeccion,,,2710555,2670599,2751109
2026-08-10,spei,proyeccion,,,1803651,1776670,1831042
2026-08-11,eglobal,proyeccion,,,2539198,2456528,2624650
2026-08-11,spei,proyeccion,,,1638579,1614887,1662618
2026-08-12,eglobal,proyeccion,,,2628654,2535895,2724806
2026-08-12,spei,proyeccion,,,1626938,1603574,1650642
2026-08-13,eglobal,proyeccion,,,2654330,2559911,2752231
2026-08-13,spei,proyeccion,,,1923526,1876282,1971960
2026-08-14,eglobal,proyeccion,,,2993084,2888339,3101628
2026-08-14,spei,proyeccion,,,2982770,2902739,3065007
2026-08-15,eglobal,proyeccion,,,2891658,2805102,2980886
2026-08-15,spei,proyeccion,,,2408677,2357460,2461006
2026-08-16,eglobal,proyeccion,,,2614960,2536758,2695574
2026-08-16,spei,proyeccion,,,1623138,1588841,1658174
2026-08-17,eglobal,proyeccion,,,2812084,2735972,2890314
2026-08-17,spei,proyeccion,,,1963280,1894975,2034048
2026-08-18,eglobal,proyeccion,,,2573661,2491287,2658758
2026-08-18,spei,proyeccion,,,1644473,1620533,1668767
2026-08-19,eglobal,proyeccion,,,2635364,2542304,2731831
2026-08-19,spei,proyeccion,,,1632791,1609178,1656750
2026-08-20,eglobal,proyeccion,,,2661105,2566365,2759344
2026-08-20,spei,proyeccion,,,1740823,1714381,1767673
2026-08-21,eglobal,proyeccion,,,2821548,2729253,2916964
2026-08-21,spei,proyeccion,,,2148126,2114601,2182182
2026-08-22,eglobal,proyeccion,,,2756474,2673207,2842335
2026-08-22,spei,proyeccion,,,1971081,1941555,2001055
2026-08-23,eglobal,proyeccion,,,2533015,2456660,2611744
2026-08-23,spei,proyeccion,,,1430826,1409351,1452629
2026-08-24,eglobal,proyeccion,,,2724410,2686578,2762776
2026-08-24,spei,proyeccion,,,1816652,1789129,1844598
2026-08-25,eglobal,proyeccion,,,2580230,2497347,2665864
2026-08-25,spei,proyeccion,,,1650389,1626197,1674941
2026-08-26,eglobal,proyeccion,,,2642091,2548554,2739061
2026-08-26,spei,proyeccion,,,1638665,1614799,1662883
2026-08-27,eglobal,proyeccion,,,2667898,2572660,2766662
2026-08-27,spei,proyeccion,,,1747086,1720377,1774208
2026-08-28,eglobal,proyeccion,,,2887573,2775502,3004168
2026-08-28,spei,proyeccion,,,2275696,2199589,2354435
2026-08-29,eglobal,proyeccion,,,2763510,2679638,2850008
2026-08-29,spei,proyeccion,,,1978171,1948343,2008457
2026-08-30,eglobal,proyeccion,,,2539481,2462543,2618822
2026-08-30,spei,proyeccion,,,1592391,1551358,1634509
2026-08-31,eglobal,proyeccion,,,2950270,2884072,3017987
2026-08-31,spei,proyeccion,,,2690097,2583623,2800958
2026-09-01,eglobal,proyeccion,,,2788821,2673161,2909486
2026-09-01,spei,proyeccion,,,2204267,2133394,2277495
2026-09-02,eglobal,proyeccion,,,2717522,2611386,2827972
2026-09-02,spei,proyeccion,,,1872309,1827809,1917893
2026-09-03,eglobal,proyeccion,,,2621993,2524386,2723373
2026-09-03,spei,proyeccion,,,1753371,1726392,1780771
2026-09-04,eglobal,proyeccion,,,2837976,2737271,2942385
2026-09-04,spei,proyeccion,,,2163609,2129420,2198347
2026-09-05,eglobal,proyeccion,,,2816777,2716825,2920407
2026-09-05,spei,proyeccion,,,1985288,1955150,2015890
2026-09-06,eglobal,proyeccion,,,2594867,2503192,2689899
2026-09-06,spei,proyeccion,,,1441140,1419221,1463397
2026-09-07,eglobal,proyeccion,,,2738336,2700824,2776369
2026-09-07,spei,proyeccion,,,1829746,1801663,1858267
2026-09-08,eglobal,proyeccion,,,2607087,2514261,2703340
2026-09-08,spei,proyeccion,,,1662285,1637576,1687367
2026-09-09,eglobal,proyeccion,,,2632363,2535800,2732603
2026-09-09,spei,proyeccion,,,1650476,1626092,1675225
2026-09-10,eglobal,proyeccion,,,2577701,2486207,2672562
2026-09-10,spei,proyeccion,,,1759678,1732424,1787362
2026-09-11,eglobal,proyeccion,,,2845220,2744378,2949767
2026-09-11,spei,proyeccion,,,2171393,2136863,2206480
2026-09-12,eglobal,proyeccion,,,2793264,2690653,2899788
2026-09-12,spei,proyeccion,,,1992430,1961979,2023354
2026-09-13,eglobal,proyeccion,,,2601490,2509690,2696649
2026-09-13,spei,proyeccion,,,1446324,1424179,1468814
2026-09-14,eglobal,proyeccion,,,2745326,2707255,2783932
2026-09-14,spei,proyeccion,,,2036355,1982243,2091944
2026-09-15,eglobal,proyeccion,,,2816994,2685579,2954840
2026-09-15,spei,proyeccion,,,2406702,2302115,2516041
2026-09-17,eglobal,proyeccion,,,2597129,2459467,2742496
2026-09-17,spei,proyeccion,,,2060809,1983005,2141667
2026-09-18,eglobal,proyeccion,,,2908901,2796114,3026238
2026-09-18,spei,proyeccion,,,2179204,2144329,2214646
2026-09-19,eglobal,proyeccion,,,2831175,2730763,2935280
2026-09-19,spei,proyeccion,,,1999598,1968828,2030848
2026-09-20,eglobal,proyeccion,,,2608131,2516032,2703601
2026-09-20,spei,proyeccion,,,1451527,1429152,1474253
2026-09-21,eglobal,proyeccion,,,2752334,2713237,2791993
2026-09-21,spei,proyeccion,,,1842935,1814273,1872049
2026-09-22,eglobal,proyeccion,,,2620413,2526981,2717300
2026-09-22,spei,proyeccion,,,1674267,1649024,1699896
2026-09-23,eglobal,proyeccion,,,2645818,2548436,2746921
2026-09-23,spei,proyeccion,,,1662372,1637454,1687670
2026-09-24,eglobal,proyeccion,,,2590877,2498645,2686514
2026-09-24,spei,proyeccion,,,1772362,1744544,1800623
2026-09-25,eglobal,proyeccion,,,2859763,2758081,2965194
2026-09-25,spei,proyeccion,,,2187044,2151818,2222846
2026-09-26,eglobal,proyeccion,,,2838402,2737479,2943045
2026-09-26,spei,proyeccion,,,2006791,1975698,2038374
2026-09-27,eglobal,proyeccion,,,2586359,2488276,2688309
2026-09-27,spei,proyeccion,,,1456749,1434139,1479715
2026-09-28,eglobal,proyeccion,,,2759359,2718799,2800524
2026-09-28,spei,proyeccion,,,1849565,1820607,1878983
2026-09-29,eglobal,proyeccion,,,2711208,2603474,2823401
2026-09-29,spei,proyeccion,,,1966900,1911221,2024200
2026-09-30,eglobal,proyeccion,,,2865162,2747412,2987959
2026-09-30,spei,proyeccion,,,2461639,2362475,2564966
2026-10-01,eglobal,proyeccion,,,2804090,2697505,2914887
2026-10-01,spei,proyeccion,,,2367174,2289969,2446982
2026-10-02,eglobal,proyeccion,,,2908466,2809358,3011069
2026-10-02,spei,proyeccion,,,2498878,2439041,2560182
2026-10-03,eglobal,proyeccion,,,2867168,2760434,2978029
2026-10-03,spei,proyeccion,,,2014010,1982589,2045930
2026-10-04,eglobal,proyeccion,,,2609990,2517376,2706012
2026-10-04,spei,proyeccion,,,1461990,1439143,1485200
2026-10-05,eglobal,proyeccion,,,2766402,2723981,2809484
2026-10-05,spei,proyeccion,,,1856218,1826960,1885946
2026-10-06,eglobal,proyeccion,,,2603585,2511198,2699371
2026-10-06,spei,proyeccion,,,1686334,1660542,1712528
2026-10-07,eglobal,proyeccion,,,2647285,2561613,2735823
2026-10-07,spei,proyeccion,,,1674354,1648885,1700217
2026-10-08,eglobal,proyeccion,,,2621361,2536543,2709014
2026-10-08,spei,proyeccion,,,1785137,1756738,1813995
2026-10-09,eglobal,proyeccion,,,2817323,2726117,2911579
2026-10-09,spei,proyeccion,,,2202808,2166865,2239347
2026-10-10,eglobal,proyeccion,,,2818735,2718686,2922466
2026-10-10,spei,proyeccion,,,2021256,1989501,2053518
2026-10-11,eglobal,proyeccion,,,2616652,2523911,2712801
2026-10-11,spei,proyeccion,,,1467249,1444161,1490707
2026-10-12,eglobal,proyeccion,,,2743310,2686347,2801479
2026-10-12,spei,proyeccion,,,1862896,1833332,1892936
2026-10-13,eglobal,proyeccion,,,2610231,2517717,2706144
2026-10-13,spei,proyeccion,,,1692401,1666327,1718883
2026-10-14,eglobal,proyeccion,,,2654043,2568186,2742769
2026-10-14,spei,proyeccion,,,1863417,1813801,1914390
2026-10-15,eglobal,proyeccion,,,2794940,2692529,2901246
2026-10-15,spei,proyeccion,,,2496610,2424008,2571387
2026-10-16,eglobal,proyeccion,,,2970598,2866027,3078985
2026-10-16,spei,proyeccion,,,2711252,2642848,2781425
2026-10-17,eglobal,proyeccion,,,2924798,2812849,3041204
2026-10-17,spei,proyeccion,,,2309451,2254243,2366011
2026-10-18,eglobal,proyeccion,,,2675218,2571491,2783128
2026-10-18,spei,proyeccion,,,1472528,1449195,1496236
2026-10-19,eglobal,proyeccion,,,2780543,2733382,2828518
2026-10-19,spei,proyeccion,,,1869598,1839725,1899956
2026-10-20,eglobal,proyeccion,,,2616894,2524081,2713119
2026-10-20,spei,proyeccion,,,1698489,1672130,1725264
2026-10-21,eglobal,proyeccion,,,2660817,2574584,2749939
2026-10-21,spei,proyeccion,,,1686423,1660386,1712868
2026-10-22,eglobal,proyeccion,,,2634760,2549400,2722977
2026-10-22,spei,proyeccion,,,1798004,1769007,1827476
2026-10-23,eglobal,proyeccion,,,2831724,2739942,2926580
2026-10-23,spei,proyeccion,,,2218685,2182004,2255983
2026-10-24,eglobal,proyeccion,,,2833143,2732287,2937723
2026-10-24,spei,proyeccion,,,2035825,2003389,2068786
2026-10-25,eglobal,proyeccion,,,2630027,2536514,2726989
2026-10-25,spei,proyeccion,,,1477825,1454244,1501788
2026-10-26,eglobal,proyeccion,,,2787640,2737688,2838504
2026-10-26,spei,proyeccion,,,1876324,1846136,1907004
2026-10-27,eglobal,proyeccion,,,2595049,2499425,2694331
2026-10-27,spei,proyeccion,,,1704600,1677951,1731671
2026-10-28,eglobal,proyeccion,,,2667609,2580805,2757332
2026-10-28,spei,proyeccion,,,1692490,1666163,1719232
2026-10-29,eglobal,proyeccion,,,2726052,2630393,2825190
2026-10-29,spei,proyeccion,,,2112264,2056492,2169549
2026-10-30,eglobal,proyeccion,,,3066479,2958327,3178586
2026-10-30,spei,proyeccion,,,2906979,2808431,3008984
2026-10-31,eglobal,proyeccion,,,2987280,2871712,3107498
2026-10-31,spei,proyeccion,,,2505726,2450390,2562312
2026-11-01,eglobal,proyeccion,,,2795494,2703420,2890705
2026-11-01,spei,proyeccion,,,1688537,1651505,1726398
2026-11-02,eglobal,proyeccion,,,2949028,2863348,3037272
2026-11-02,spei,proyeccion,,,2216267,2133914,2301798
2026-11-03,eglobal,proyeccion,,,2618964,2521862,2719805
2026-11-03,spei,proyeccion,,,1710732,1683790,1738105
2026-11-04,eglobal,proyeccion,,,2694938,2599728,2793634
2026-11-04,spei,proyeccion,,,1698579,1671958,1725623
2026-11-05,eglobal,proyeccion,,,2699874,2603740,2799557
2026-11-05,spei,proyeccion,,,1810964,1781352,1841068
2026-11-06,eglobal,proyeccion,,,2926708,2821356,3035994
2026-11-06,spei,proyeccion,,,2234677,2197237,2272755
2026-11-07,eglobal,proyeccion,,,2836776,2734309,2943084
2026-11-07,spei,proyeccion,,,2050499,2017363,2084179
2026-11-08,eglobal,proyeccion,,,2707892,2618169,2800688
2026-11-08,spei,proyeccion,,,1488477,1464389,1512961
2026-11-09,eglobal,proyeccion,,,2801889,2745703,2859226
2026-11-09,spei,proyeccion,,,1889848,1859019,1921188
2026-11-10,eglobal,proyeccion,,,2597102,2502015,2695802
2026-11-10,spei,proyeccion,,,1716886,1689647,1744565
2026-11-11,eglobal,proyeccion,,,2701816,2606476,2800644
2026-11-11,spei,proyeccion,,,1704689,1677771,1732039
2026-11-12,eglobal,proyeccion,,,2706765,2610481,2806600
2026-11-12,spei,proyeccion,,,2015452,1964211,2068029
2026-11-13,eglobal,proyeccion,,,3120506,3002400,3243259
2026-11-13,spei,proyeccion,,,3125316,3038993,3214092
2026-11-14,eglobal,proyeccion,,,2991110,2883090,3103177
2026-11-14,spei,proyeccion,,,2523787,2467634,2581218
2026-11-15,eglobal,proyeccion,,,2847460,2740440,2958659
2026-11-15,spei,proyeccion,,,1760627,1697178,1826448
2026-11-17,eglobal,proyeccion,,,2696048,2580761,2816485
2026-11-17,spei,proyeccion,,,1915527,1832427,2002395
2026-11-18,eglobal,proyeccion,,,2708713,2613062,2807864
2026-11-18,spei,proyeccion,,,1710822,1683602,1738481
2026-11-19,eglobal,proyeccion,,,2713674,2617062,2813853
2026-11-19,spei,proyeccion,,,1824017,1793774,1854770
2026-11-20,eglobal,proyeccion,,,2941668,2835848,3051437
2026-11-20,spei,proyeccion,,,2326267,2203229,2456177
2026-11-21,eglobal,proyeccion,,,2851276,2748064,2958365
2026-11-21,spei,proyeccion,,,2134540,2021804,2253562
2026-11-22,eglobal,proyeccion,,,2721733,2631447,2815117
2026-11-22,spei,proyeccion,,,1549483,1467656,1635873
2026-11-23,eglobal,proyeccion,,,2816211,2753116,2880753
2026-11-23,spei,proyeccion,,,1967305,1863285,2077131
2026-11-24,eglobal,proyeccion,,,2639070,2541011,2740913
2026-11-24,spei,proyeccion,,,1729261,1701415,1757563
2026-11-25,eglobal,proyeccion,,,2715627,2619487,2815296
2026-11-25,spei,proyeccion,,,1716976,1689451,1744950
2026-11-26,eglobal,proyeccion,,,2720601,2623481,2821316
2026-11-26,spei,proyeccion,,,1830579,1800013,1861663
2026-11-27,eglobal,proyeccion,,,3010503,2885211,3141236
2026-11-27,spei,proyeccion,,,2384451,2303167,2468604
2026-11-28,eglobal,proyeccion,,,2858554,2754693,2966332
2026-11-28,spei,proyeccion,,,2072708,2038486,2107505
2026-11-29,eglobal,proyeccion,,,2728680,2637823,2822667
2026-11-29,spei,proyeccion,,,1668491,1624072,1714124
2026-11-30,eglobal,proyeccion,,,3049681,2959870,3142218
2026-11-30,spei,proyeccion,,,2818656,2705583,2936455
2026-12-01,eglobal,proyeccion,,,2894069,2773307,3020089
2026-12-01,spei,proyeccion,,,2612338,2502065,2727471
2026-12-02,eglobal,proyeccion,,,2951337,2820399,3088354
2026-12-02,spei,proyeccion,,,2218926,2137101,2303883
2026-12-03,eglobal,proyeccion,,,2783096,2661769,2909953
2026-12-03,spei,proyeccion,,,2077968,2012664,2145392
2026-12-04,eglobal,proyeccion,,,2898311,2787881,3013115
2026-12-04,spei,proyeccion,,,2564153,2483480,2647447
2026-12-05,eglobal,proyeccion,,,2784987,2683757,2890035
2026-12-05,spei,proyeccion,,,2352820,2279294,2428717
2026-12-06,eglobal,proyeccion,,,2576665,2471739,2686045
2026-12-06,spei,proyeccion,,,1707935,1654355,1763250
2026-12-07,eglobal,proyeccion,,,2830607,2760101,2902914
2026-12-07,spei,proyeccion,,,2168483,2099725,2239493
2026-12-08,eglobal,proyeccion,,,2705476,2605813,2808951
2026-12-08,spei,proyeccion,,,1970020,1908304,2033733
2026-12-09,eglobal,proyeccion,,,2858850,2740763,2982026
2026-12-09,spei,proyeccion,,,1956025,1894960,2019058
2026-12-10,eglobal,proyeccion,,,2736084,2620138,2857161
2026-12-10,spei,proyeccion,,,2085444,2019788,2153234
2026-12-11,eglobal,proyeccion,,,2905709,2794875,3020938
2026-12-11,spei,proyeccion,,,2573378,2492269,2657126
2026-12-12,eglobal,proyeccion,,,2761739,2654718,2873075
2026-12-12,spei,proyeccion,,,2361284,2287361,2437596
2026-12-13,eglobal,proyeccion,,,2583242,2478118,2692826
2026-12-13,spei,proyeccion,,,1714079,1660211,1769695
2026-12-14,eglobal,proyeccion,,,2837832,2763472,2914193
2026-12-14,spei,proyeccion,,,2413341,2321686,2508613
2026-12-15,eglobal,proyeccion,,,2965068,2822976,3114312
2026-12-15,spei,proyeccion,,,2930827,2772528,3098164
2026-12-16,eglobal,proyeccion,,,3098447,2926328,3280689
2026-12-16,spei,proyeccion,,,2560990,2430438,2698555
2026-12-17,eglobal,proyeccion,,,2918208,2775259,3068521
2026-12-17,spei,proyeccion,,,2534699,2404433,2672022
2026-12-18,eglobal,proyeccion,,,3053589,2910595,3203608
2026-12-18,spei,proyeccion,,,2747283,2615141,2886103
2026-12-19,eglobal,proyeccion,,,2877284,2750024,3010433
2026-12-19,spei,proyeccion,,,2520857,2399141,2648747
2026-12-20,eglobal,proyeccion,,,2662058,2518774,2813494
2026-12-20,spei,proyeccion,,,1829914,1741091,1923269
2026-12-21,eglobal,proyeccion,,,2924415,2806041,3047783
2026-12-21,spei,proyeccion,,,2323354,2212055,2440254
2026-12-22,eglobal,proyeccion,,,2795138,2670283,2925831
2026-12-22,spei,proyeccion,,,2110718,2009584,2216941
2026-12-23,eglobal,proyeccion,,,2953595,2793785,3122547
2026-12-23,spei,proyeccion,,,2095723,1994140,2202480
2026-12-24,eglobal,proyeccion,,,2786945,2649122,2931937
2026-12-24,spei,proyeccion,,,2155611,1990641,2334253
2026-12-26,eglobal,proyeccion,,,2699833,2539018,2870834
2026-12-26,spei,proyeccion,,,2357667,2176374,2554062
2026-12-27,eglobal,proyeccion,,,2596447,2490482,2706920
2026-12-27,spei,proyeccion,,,1526367,1500398,1552786
2026-12-28,eglobal,proyeccion,,,2847608,2721779,2979253
2026-12-28,spei,proyeccion,,,1986373,1911157,2064548
2026-12-29,eglobal,proyeccion,,,2726246,2624666,2831758
2026-12-29,spei,proyeccion,,,1760591,1731158,1790523
2026-12-30,eglobal,proyeccion,,,2973027,2839399,3112943
2026-12-30,spei,proyeccion,,,2046257,1986445,2107869
2026-12-31,eglobal,proyeccion,,,3017988,2862243,3182208
2026-12-31,spei,proyeccion,,,2846823,2712190,2988140
2027-01-02,eglobal,proyeccion,,,2532701,2397491,2675537
2027-01-02,spei,proyeccion,,,2244682,2179086,2312252
2027-01-03,eglobal,proyeccion,,,2457307,2382595,2534361
2027-01-03,spei,proyeccion,,,1431230,1397998,1465252
2027-01-04,eglobal,proyeccion,,,2667034,2556776,2782047
2027-01-04,spei,proyeccion,,,2021137,1936254,2109741
2027-01-05,eglobal,proyeccion,,,2455655,2389045,2524121
2027-01-05,spei,proyeccion,,,1650855,1612884,1689719
2027-01-06,eglobal,proyeccion,,,2531964,2463436,2602400
2027-01-06,spei,proyeccion,,,1639127,1601264,1677885
2027-01-07,eglobal,proyeccion,,,2487632,2421140,2555949
2027-01-07,spei,proyeccion,,,1747579,1706619,1789521
2027-01-08,eglobal,proyeccion,,,2661252,2593782,2730478
2027-01-08,spei,proyeccion,,,2156462,2105475,2208683
2027-01-09,eglobal,proyeccion,,,2572680,2506483,2640625
2027-01-09,spei,proyeccion,,,1978730,1932703,2025853
2027-01-10,eglobal,proyeccion,,,2437148,2371862,2504232
2027-01-10,spei,proyeccion,,,1436379,1402866,1470693
2027-01-11,eglobal,proyeccion,,,2620946,2556249,2687281
2027-01-11,spei,proyeccion,,,1823702,1781045,1867380
2027-01-12,eglobal,proyeccion,,,2456678,2386264,2529170
2027-01-12,spei,proyeccion,,,1656794,1618497,1695997
2027-01-13,eglobal,proyeccion,,,2560862,2492248,2631365
2027-01-13,spei,proyeccion,,,1645024,1606836,1684119
2027-01-14,eglobal,proyeccion,,,2516024,2449363,2584498
2027-01-14,spei,proyeccion,,,1944909,1885525,2006163
2027-01-15,eglobal,proyeccion,,,2862551,2775283,2952563
2027-01-15,spei,proyeccion,,,3015928,2918709,3116385
2027-01-16,eglobal,proyeccion,,,2736620,2658576,2816955
2027-01-16,spei,proyeccion,,,2435453,2366643,2506263
2027-01-17,eglobal,proyeccion,,,2551203,2473455,2631395
2027-01-17,spei,proyeccion,,,1641181,1595632,1688031
2027-01-18,eglobal,proyeccion,,,2703290,2629461,2779193
2027-01-18,spei,proyeccion,,,1830262,1787244,1874316
2027-01-19,eglobal,proyeccion,,,2512028,2444615,2581300
2027-01-19,spei,proyeccion,,,1662754,1624128,1702299
2027-01-20,eglobal,proyeccion,,,2590090,2520859,2661221
2027-01-20,spei,proyeccion,,,1650942,1612426,1690377
2027-01-21,eglobal,proyeccion,,,2544739,2477379,2613931
2027-01-21,spei,proyeccion,,,1760175,1718520,1802840
2027-01-22,eglobal,proyeccion,,,2722346,2653685,2792783
2027-01-22,spei,proyeccion,,,2172005,2120157,2225122
2027-01-23,eglobal,proyeccion,,,2631740,2564066,2701200
2027-01-23,spei,proyeccion,,,1992992,1946176,2040935
2027-01-24,eglobal,proyeccion,,,2493097,2426024,2562025
2027-01-24,spei,proyeccion,,,1446732,1412647,1481640
2027-01-25,eglobal,proyeccion,,,2681114,2623743,2739740
2027-01-25,spei,proyeccion,,,1836847,1793464,1881279
2027-01-26,eglobal,proyeccion,,,2513075,2441182,2587085
2027-01-26,spei,proyeccion,,,1668736,1629777,1708626
2027-01-27,eglobal,proyeccion,,,2619651,2549250,2691996
2027-01-27,spei,proyeccion,,,1656881,1618034,1696660
2027-01-28,eglobal,proyeccion,,,2656182,2578264,2736455
2027-01-28,spei,proyeccion,,,2067823,2000959,2136922
2027-01-29,eglobal,proyeccion,,,2974089,2888875,3061816
2027-01-29,spei,proyeccion,,,3045903,2940375,3155218
2027-01-30,eglobal,proyeccion,,,2799443,2718517,2882778
2027-01-30,spei,proyeccion,,,2625475,2564448,2687954
2027-01-31,eglobal,proyeccion,,,2644764,2542608,2751025
2027-01-31,spei,proyeccion,,,1831565,1764371,1901319
2027-02-02,eglobal,proyeccion,,,2691086,2591961,2794002
2027-02-02,spei,proyeccion,,,2162360,2074231,2254233
2027-02-03,eglobal,proyeccion,,,2616219,2545674,2688718
2027-02-03,spei,proyeccion,,,1779754,1748960,1811089
2027-02-04,eglobal,proyeccion,,,2626015,2554263,2699782
2027-02-04,spei,proyeccion,,,1897510,1863497,1932144
2027-02-05,eglobal,proyeccion,,,2893606,2813188,2976323
2027-02-05,spei,proyeccion,,,2341473,2298603,2385142
2027-02-06,eglobal,proyeccion,,,2774425,2697011,2854060
2027-02-06,spei,proyeccion,,,2148492,2110346,2187328
2027-02-07,eglobal,proyeccion,,,2490066,2419982,2562180
2027-02-07,spei,proyeccion,,,1559611,1531897,1587827
2027-02-08,eglobal,proyeccion,,,2742663,2691274,2795034
2027-02-08,spei,proyeccion,,,1980164,1944744,2016228
2027-02-09,eglobal,proyeccion,,,2606155,2531627,2682878
2027-02-09,spei,proyeccion,,,1798936,1767473,1830960
2027-02-10,eglobal,proyeccion,,,2646078,2575451,2718641
2027-02-10,spei,proyeccion,,,1786156,1755015,1817850
2027-02-11,eglobal,proyeccion,,,2655986,2584087,2729885
2027-02-11,spei,proyeccion,,,1904336,1869956,1939348
2027-02-12,eglobal,proyeccion,,,2894812,2805977,2986459
2027-02-12,spei,proyeccion,,,2349896,2306573,2394032
2027-02-13,eglobal,proyeccion,,,2806089,2728259,2886141
2027-02-13,spei,proyeccion,,,2156221,2117657,2195487
2027-02-14,eglobal,proyeccion,,,2518486,2447897,2591110
2027-02-14,spei,proyeccion,,,1735717,1688010,1784773
2027-02-15,eglobal,proyeccion,,,2950120,2875720,3026445
2027-02-15,spei,proyeccion,,,2769365,2685490,2855860
2027-02-16,eglobal,proyeccion,,,2772229,2681508,2866018
2027-02-16,spei,proyeccion,,,2214160,2156660,2273193
2027-02-17,eglobal,proyeccion,,,2769910,2685496,2856978
2027-02-17,spei,proyeccion,,,2040830,1988599,2094434
2027-02-18,eglobal,proyeccion,,,2739431,2653749,2827879
2027-02-18,spei,proyeccion,,,1911187,1876435,1946582
2027-02-19,eglobal,proyeccion,,,2960033,2878552,3043821
2027-02-19,spei,proyeccion,,,2358350,2314569,2402958
2027-02-20,eglobal,proyeccion,,,2838116,2759296,2919187
2027-02-20,spei,proyeccion,,,2163978,2124992,2203680
2027-02-21,eglobal,proyeccion,,,2547229,2475626,2620904
2027-02-21,spei,proyeccion,,,1570853,1542530,1599695
2027-02-22,eglobal,proyeccion,,,2805625,2757895,2854182
2027-02-22,spei,proyeccion,,,1994436,1958247,2031295
2027-02-23,eglobal,proyeccion,,,2636998,2562252,2713925
2027-02-23,spei,proyeccion,,,1811903,1779731,1844656
2027-02-24,eglobal,proyeccion,,,2706823,2634354,2781285
2027-02-24,spei,proyeccion,,,1799031,1767182,1831453
2027-02-25,eglobal,proyeccion,,,2803941,2720297,2890158
2027-02-25,spei,proyeccion,,,2245229,2183038,2309192
2027-02-26,eglobal,proyeccion,,,3233756,3136328,3334210
2027-02-26,spei,proyeccion,,,3089970,2982117,3201725
2027-02-27,eglobal,proyeccion,,,3018970,2934531,3105839
2027-02-27,spei,proyeccion,,,2663459,2600499,2727944
2027-02-28,eglobal,proyeccion,,,2666436,2589034,2746152
2027-02-28,spei,proyeccion,,,1794829,1752719,1837950
2027-03-01,eglobal,proyeccion,,,2994286,2909352,3081701
2027-03-01,spei,proyeccion,,,2355779,2266097,2449009
2027-03-02,eglobal,proyeccion,,,2663497,2591296,2737710
2027-03-02,spei,proyeccion,,,1818421,1785890,1851544
2027-03-03,eglobal,proyeccion,,,2746663,2672296,2823099
2027-03-03,spei,proyeccion,,,1805503,1773295,1838295
2027-03-04,eglobal,proyeccion,,,2712417,2638978,2787900
2027-03-04,spei,proyeccion,,,1924962,1889456,1961136
2027-03-05,eglobal,proyeccion,,,3004748,2921761,3090092
2027-03-05,spei,proyeccion,,,2375348,2330637,2420917
2027-03-06,eglobal,proyeccion,,,2904050,2827339,2982841
2027-03-06,spei,proyeccion,,,2179576,2139731,2220162
2027-03-07,eglobal,proyeccion,,,2668456,2600025,2738688
2027-03-07,spei,proyeccion,,,1582175,1553231,1611659
2027-03-08,eglobal,proyeccion,,,2870033,2822591,2918272
2027-03-08,spei,proyeccion,,,2008812,1971835,2046482
2027-03-09,eglobal,proyeccion,,,2664607,2589250,2742157
2027-03-09,spei,proyeccion,,,1824963,1792069,1858461
2027-03-10,eglobal,proyeccion,,,2778011,2703462,2854616
2027-03-10,spei,proyeccion,,,1811998,1779427,1845164
2027-03-11,eglobal,proyeccion,,,2743374,2669755,2819024
2027-03-11,spei,proyeccion,,,2142323,2084841,2201389
2027-03-12,eglobal,proyeccion,,,3232028,3135128,3331924
2027-03-12,spei,proyeccion,,,3322052,3225984,3420982
2027-03-13,eglobal,proyeccion,,,3089106,3004082,3176536
2027-03-13,spei,proyeccion,,,2682657,2618699,2748178
2027-03-14,eglobal,proyeccion,,,2830791,2740476,2924083
2027-03-14,spei,proyeccion,,,1871457,1802059,1943526
2027-03-16,eglobal,proyeccion,,,2750023,2653562,2849990
2027-03-16,spei,proyeccion,,,1877286,1808038,1949188
2027-03-17,eglobal,proyeccion,,,2879599,2782012,2980609
2027-03-17,spei,proyeccion,,,1818516,1785580,1852061
2027-03-18,eglobal,proyeccion,,,2843696,2747325,2943446
2027-03-18,spei,proyeccion,,,1938837,1902561,1975805
2027-03-19,eglobal,proyeccion,,,3150175,3042100,3262089
2027-03-19,spei,proyeccion,,,2392470,2346809,2439019
2027-03-20,eglobal,proyeccion,,,3044603,2942515,3150232
2027-03-20,spei,proyeccion,,,2195286,2154565,2236776
2027-03-21,eglobal,proyeccion,,,2797607,2705647,2892691
2027-03-21,spei,proyeccion,,,1593579,1564001,1623718
2027-03-22,eglobal,proyeccion,,,2891929,2793998,2993291
2027-03-22,spei,proyeccion,,,2023291,1985511,2061791
2027-03-23,eglobal,proyeccion,,,2714448,2610147,2822916
2027-03-23,spei,proyeccion,,,1838117,1804485,1872376
2027-03-24,eglobal,proyeccion,,,2836739,2709261,2970215
2027-03-24,spei,proyeccion,,,1889359,1816521,1965117
2027-03-27,eglobal,proyeccion,,,2851438,2714275,2995533
2027-03-27,spei,proyeccion,,,1783980,1688704,1884631
2027-03-28,eglobal,proyeccion,,,2591626,2460813,2729393
2027-03-28,spei,proyeccion,,,1295008,1225859,1368057
2027-03-29,eglobal,proyeccion,,,2997088,2902984,3094243
2027-03-29,spei,proyeccion,,,2081301,2000805,2165036
2027-03-30,eglobal,proyeccion,,,2876422,2781446,2974641
2027-03-30,spei,proyeccion,,,2159388,2094332,2226465
2027-03-31,eglobal,proyeccion,,,3104573,3002970,3209613
2027-03-31,spei,proyeccion,,,2702545,2590214,2819747
2027-04-01,eglobal,proyeccion,,,3098686,2988192,3213266
2027-04-01,spei,proyeccion,,,2598835,2509983,2690832
2027-04-02,eglobal,proyeccion,,,3179198,3074493,3287469
2027-04-02,spei,proyeccion,,,2743427,2671811,2816963
2027-04-03,eglobal,proyeccion,,,3035956,2936804,3138456
2027-04-03,spei,proyeccion,,,2211109,2169495,2253522
2027-04-04,eglobal,proyeccion,,,2783632,2699768,2870102
2027-04-04,spei,proyeccion,,,1605066,1574839,1635872
2027-04-05,eglobal,proyeccion,,,3003318,2944971,3062820
2027-04-05,spei,proyeccion,,,2037875,1999274,2077221
2027-04-06,eglobal,proyeccion,,,2991390,2911605,3073361
2027-04-06,spei,proyeccion,,,1851366,1816981,1886401
2027-04-07,eglobal,proyeccion,,,2968605,2889570,3049803
2027-04-07,spei,proyeccion,,,1838213,1804154,1872915
2027-04-08,eglobal,proyeccion,,,2922361,2837692,3009556
2027-04-08,spei,proyeccion,,,1959837,1922375,1998029
2027-04-09,eglobal,proyeccion,,,3106788,3010786,3205852
2027-04-09,spei,proyeccion,,,2418383,2371260,2466442
2027-04-10,eglobal,proyeccion,,,3011051,2920182,3104747
2027-04-10,spei,proyeccion,,,2219064,2176995,2261945
2027-04-11,eglobal,proyeccion,,,2809910,2725045,2897417
2027-04-11,spei,proyeccion,,,1610840,1580285,1641986
2027-04-12,eglobal,proyeccion,,,2992857,2923155,3064220
2027-04-12,spei,proyeccion,,,2045206,2006189,2084982
2027-04-13,eglobal,proyeccion,,,3007857,2927561,3090355
2027-04-13,spei,proyeccion,,,1858026,1823259,1893456
2027-04-14,eglobal,proyeccion,,,2979124,2899812,3060604
2027-04-14,spei,proyeccion,,,2045778,1987139,2106148
2027-04-15,eglobal,proyeccion,,,3112865,3007508,3221913
2027-04-15,spei,proyeccion,,,2740938,2656134,2828450
2027-04-16,eglobal,proyeccion,,,3266266,3155101,3381348
2027-04-16,spei,proyeccion,,,2976585,2895068,3060398
2027-04-17,eglobal,proyeccion,,,3109168,3006174,3215691
2027-04-17,spei,proyeccion,,,2535463,2469243,2603459
2027-04-18,eglobal,proyeccion,,,2858840,2762817,2958202
2027-04-18,spei,proyeccion,,,1616635,1585748,1648124
2027-04-19,eglobal,proyeccion,,,3018736,2961675,3076897
2027-04-19,spei,proyeccion,,,2052564,2013126,2092774
2027-04-20,eglobal,proyeccion,,,3000881,2920940,3083010
2027-04-20,spei,proyeccion,,,1864710,1829557,1900538
2027-04-21,eglobal,proyeccion,,,2972214,2893234,3053350
2027-04-21,spei,proyeccion,,,1851463,1816638,1886956
2027-04-22,eglobal,proyeccion,,,2920205,2835613,3007321
2027-04-22,spei,proyeccion,,,1973964,1935692,2012992
2027-04-23,eglobal,proyeccion,,,3098439,3002711,3197220
2027-04-23,spei,proyeccion,,,2435814,2387693,2484906
2027-04-24,eglobal,proyeccion,,,2997101,2906821,3090184
2027-04-24,spei,proyeccion,,,2235058,2192069,2278891
2027-04-25,eglobal,proyeccion,,,2912133,2816546,3010965
2027-04-25,spei,proyeccion,,,1622451,1591228,1654286
2027-04-26,eglobal,proyeccion,,,3135830,3046212,3228084
2027-04-26,spei,proyeccion,,,2059948,2020085,2100597
2027-04-27,eglobal,proyeccion,,,3083390,2978277,3192213
2027-04-27,spei,proyeccion,,,1871418,1835876,1907649
2027-04-28,eglobal,proyeccion,,,3087503,2987546,3190804
2027-04-28,spei,proyeccion,,,1858123,1822909,1894018
2027-04-29,eglobal,proyeccion,,,3130593,3011350,3254558
2027-04-29,spei,proyeccion,,,2318978,2252890,2387005
2027-04-30,eglobal,proyeccion,,,3523198,3369094,3684352
2027-04-30,spei,proyeccion,,,3303909,3140103,3476259
2027-05-02,eglobal,proyeccion,,,2894711,2813851,2977896
2027-05-02,spei,proyeccion,,,1853783,1808560,1900137
2027-05-03,eglobal,proyeccion,,,3153649,3039280,3272322
2027-05-03,spei,proyeccion,,,2299415,2205847,2396952
2027-05-04,eglobal,proyeccion,,,2857387,2779502,2937453
2027-05-04,spei,proyeccion,,,1878151,1842215,1914787
2027-05-05,eglobal,proyeccion,,,2953255,2874197,3034487
2027-05-05,spei,proyeccion,,,1864808,1829202,1901108
2027-05-06,eglobal,proyeccion,,,2893622,2814710,2974745
2027-05-06,spei,proyeccion,,,1988192,1949094,2028074
2027-05-07,eglobal,proyeccion,,,3145630,3062194,3231340
2027-05-07,spei,proyeccion,,,2453371,2404232,2503516
2027-05-08,eglobal,proyeccion,,,3017805,2941885,3095685
2027-05-08,spei,proyeccion,,,2251168,2207240,2295971
2027-05-09,eglobal,proyeccion,,,2790374,2718545,2864100
2027-05-09,spei,proyeccion,,,1750244,1671325,1832890
2027-05-10,eglobal,proyeccion,,,2997781,2948958,3047413
2027-05-10,spei,proyeccion,,,2222201,2120585,2328687
2027-05-11,eglobal,proyeccion,,,2819765,2740862,2900940
2027-05-11,spei,proyeccion,,,2018822,1925800,2116337
2027-05-12,eglobal,proyeccion,,,2946406,2867913,3027047
2027-05-12,spei,proyeccion,,,1871517,1835514,1908225
2027-05-13,eglobal,proyeccion,,,2886911,2808509,2967502
2027-05-13,spei,proyeccion,,,2212692,2151422,2275706
2027-05-14,eglobal,proyeccion,,,3337627,3236397,3442024
2027-05-14,spei,proyeccion,,,3431172,3329217,3536250
2027-05-15,eglobal,proyeccion,,,3166525,3082735,3252593
2027-05-15,spei,proyeccion,,,2770775,2702053,2841244
2027-05-16,eglobal,proyeccion,,,2881300,2801375,2963505
2027-05-16,spei,proyeccion,,,1867145,1821190,1914260
2027-05-17,eglobal,proyeccion,,,3094956,3008399,3184004
2027-05-17,spei,proyeccion,,,2258422,2174781,2345279
2027-05-18,eglobal,proyeccion,,,2844148,2767086,2923356
2027-05-18,spei,proyeccion,,,1891688,1854955,1929149
2027-05-19,eglobal,proyeccion,,,2939572,2861278,3020009
2027-05-19,spei,proyeccion,,,1878249,1841847,1915371
2027-05-20,eglobal,proyeccion,,,2880215,2801970,2960646
2027-05-20,spei,proyeccion,,,2002522,1962583,2043275
2027-05-21,eglobal,proyeccion,,,3131056,3048402,3215952
2027-05-21,spei,proyeccion,,,2471055,2420877,2522273
2027-05-22,eglobal,proyeccion,,,3003823,2928273,3081323
2027-05-22,spei,proyeccion,,,2267395,2222510,2313186
2027-05-23,eglobal,proyeccion,,,2777446,2705861,2850925
2027-05-23,spei,proyeccion,,,1645924,1613328,1679178
2027-05-24,eglobal,proyeccion,,,2983893,2937921,3030584
2027-05-24,spei,proyeccion,,,2089751,2048149,2132198
2027-05-25,eglobal,proyeccion,,,2837552,2760381,2916881
2027-05-25,spei,proyeccion,,,1898494,1861356,1936372
2027-05-26,eglobal,proyeccion,,,2932755,2854294,3013372
2027-05-26,spei,proyeccion,,,1885006,1848201,1922545
2027-05-27,eglobal,proyeccion,,,2873536,2795098,2954174
2027-05-27,spei,proyeccion,,,2009726,1969360,2050920
2027-05-28,eglobal,proyeccion,,,3188752,3081158,3300105
2027-05-28,spei,proyeccion,,,2617803,2524033,2715056
2027-05-29,eglobal,proyeccion,,,2996857,2920900,3074789
2027-05-29,spei,proyeccion,,,2275552,2230182,2321844
2027-05-30,eglobal,proyeccion,,,2771004,2699008,2844920
2027-05-30,spei,proyeccion,,,1831776,1778931,1886191
2027-05-31,eglobal,proyeccion,,,3215562,3140813,3292089
2027-05-31,spei,proyeccion,,,3094501,2965856,3228726
2027-06-01,eglobal,proyeccion,,,3038857,2938488,3142654
2027-06-01,spei,proyeccion,,,2535636,2447943,2626471
2027-06-02,eglobal,proyeccion,,,2993904,2904883,3085652
2027-06-02,spei,proyeccion,,,2153775,2095543,2213625
2027-06-03,eglobal,proyeccion,,,2901159,2813752,2991280
2027-06-03,spei,proyeccion,,,2016956,1976159,2058595
2027-06-04,eglobal,proyeccion,,,3108263,3023772,3195115
2027-06-04,spei,proyeccion,,,2488866,2437631,2541178
2027-06-05,eglobal,proyeccion,,,3023239,2941921,3106805
2027-06-05,spei,proyeccion,,,2283738,2237878,2330537
2027-06-06,eglobal,proyeccion,,,2784585,2712686,2858390
2027-06-06,spei,proyeccion,,,1657787,1624486,1691772
2027-06-07,eglobal,proyeccion,,,2970068,2924402,3016447
2027-06-07,spei,proyeccion,,,2104813,2062317,2148185
2027-06-08,eglobal,proyeccion,,,2827024,2755055,2900873
2027-06-08,spei,proyeccion,,,1912178,1874220,1950904
2027-06-09,eglobal,proyeccion,,,2885991,2808909,2965188
2027-06-09,spei,proyeccion,,,1898593,1860970,1936977
2027-06-10,eglobal,proyeccion,,,2838292,2762501,2916163
2027-06-10,spei,proyeccion,,,2024212,1982981,2066301
2027-06-11,eglobal,proyeccion,,,3101054,3017152,3187290
2027-06-11,spei,proyeccion,,,2497820,2446049,2550686
2027-06-12,eglobal,proyeccion,,,2983434,2896151,3073348
2027-06-12,spei,proyeccion,,,2291953,2245600,2339263
2027-06-13,eglobal,proyeccion,,,2778127,2706673,2851467
2027-06-13,spei,proyeccion,,,1663751,1630092,1698106
2027-06-14,eglobal,proyeccion,,,2963180,2916703,3010397
2027-06-14,spei,proyeccion,,,2342482,2273018,2414068
2027-06-15,eglobal,proyeccion,,,2999575,2906857,3095249
2027-06-15,spei,proyeccion,,,2674283,2590041,2761266
2027-06-16,eglobal,proyeccion,,,3028215,2935634,3123715
2027-06-16,spei,proyeccion,,,2336819,2272340,2403128
2027-06-17,eglobal,proyeccion,,,2930780,2841631,3022725
2027-06-17,spei,proyeccion,,,2312829,2249654,2377779
2027-06-18,eglobal,proyeccion,,,3155055,3056304,3256996
2027-06-18,spei,proyeccion,,,2506806,2454494,2560232
2027-06-19,eglobal,proyeccion,,,3009232,2928710,3091969
2027-06-19,spei,proyeccion,,,2300199,2253347,2348024
2027-06-20,eglobal,proyeccion,,,2771684,2700318,2844937
2027-06-20,spei,proyeccion,,,1669736,1635716,1704465
2027-06-21,eglobal,proyeccion,,,2956307,2908423,3004980
2027-06-21,spei,proyeccion,,,2119984,2076577,2164299
2027-06-22,eglobal,proyeccion,,,2813926,2742186,2887544
2027-06-22,spei,proyeccion,,,1925960,1887168,1965550
2027-06-23,eglobal,proyeccion,,,2872620,2795576,2951786
2027-06-23,spei,proyeccion,,,1912278,1873822,1951523
2027-06-24,eglobal,proyeccion,,,2825142,2749401,2902970
2027-06-24,spei,proyeccion,,,2038802,1996690,2081803
2027-06-25,eglobal,proyeccion,,,3086687,3002825,3172891
2027-06-25,spei,proyeccion,,,2515824,2462967,2569815
2027-06-26,eglobal,proyeccion,,,3002253,2921570,3085164
2027-06-26,spei,proyeccion,,,2308474,2261119,2356819
2027-06-27,eglobal,proyeccion,,,2735191,2654780,2818038
2027-06-27,spei,proyeccion,,,1675743,1641359,1710848
2027-06-28,eglobal,proyeccion,,,2949451,2899623,3000135
2027-06-28,spei,proyeccion,,,2127611,2083742,2172404
2027-06-29,eglobal,proyeccion,,,2897279,2807147,2990304
2027-06-29,spei,proyeccion,,,2262585,2191837,2335617
2027-06-30,eglobal,proyeccion,,,3095650,2994452,3200267
2027-06-30,spei,proyeccion,,,2831700,2711669,2957043
2027-07-01,eglobal,proyeccion,,,3056593,2957041,3159496
2027-07-01,spei,proyeccion,,,2723033,2627209,2822352
2027-07-02,eglobal,proyeccion,,,3203419,3112041,3297479
2027-07-02,spei,proyeccion,,,2874536,2795681,2955614
2027-07-03,eglobal,proyeccion,,,3040765,2949232,3135139
2027-07-03,spei,proyeccion,,,2316778,2268917,2365649
2027-07-04,eglobal,proyeccion,,,2656289,2585267,2729263
2027-07-04,spei,proyeccion,,,1681772,1647020,1717257
2027-07-05,eglobal,proyeccion,,,2942611,2890373,2995792
2027-07-05,spei,proyeccion,,,2135265,2090931,2180540
2027-07-06,eglobal,proyeccion,,,2793010,2716821,2871335
2027-07-06,spei,proyeccion,,,1939842,1900201,1980311
2027-07-07,eglobal,proyeccion,,,2877826,2806580,2950881
2027-07-07,spei,proyeccion,,,1926061,1886759,1966183
2027-07-08,eglobal,proyeccion,,,2843524,2772969,2915874
2027-07-08,spei,proyeccion,,,2053498,2010489,2097427
2027-07-09,eglobal,proyeccion,,,3087954,3008870,3169116
2027-07-09,spei,proyeccion,,,2533958,2479995,2589094
2027-07-10,eglobal,proyeccion,,,2974873,2895376,3056553
2027-07-10,spei,proyeccion,,,2325113,2276740,2374513
2027-07-11,eglobal,proyeccion,,,2650129,2579494,2722697
2027-07-11,spei,proyeccion,,,1687822,1652699,1723691
2027-07-12,eglobal,proyeccion,,,2903867,2837579,2971703
2027-07-12,spei,proyeccion,,,2142947,2098142,2188708
2027-07-13,eglobal,proyeccion,,,2786532,2710527,2864668
2027-07-13,spei,proyeccion,,,1946821,1906750,1987735
2027-07-14,eglobal,proyeccion,,,2871151,2800007,2944104
2027-07-14,spei,proyeccion,,,2143546,2079422,2209647
2027-07-15,eglobal,proyeccion,,,3017082,2925753,3111261
2027-07-15,spei,proyeccion,,,2871927,2779757,2967154
2027-07-16,eglobal,proyeccion,,,3240131,3145190,3337938
2027-07-16,spei,proyeccion,,,3118836,3029323,3210994
2027-07-17,eglobal,proyeccion,,,3071812,2978191,3168375
2027-07-17,spei,proyeccion,,,2656633,2583661,2731665
2027-07-18,eglobal,proyeccion,,,2696277,2612593,2782642
2027-07-18,spei,proyeccion,,,1693894,1658397,1730150
2027-07-19,eglobal,proyeccion,,,2928977,2870797,2988337
2027-07-19,spei,proyeccion,,,2150656,2105378,2196908
2027-07-20,eglobal,proyeccion,,,2782005,2705863,2860289
2027-07-20,spei,proyeccion,,,1953825,1913319,1995187
2027-07-21,eglobal,proyeccion,,,2868482,2797130,2941654
2027-07-21,spei,proyeccion,,,1939944,1899780,1980958
2027-07-22,eglobal,proyeccion,,,2836265,2765667,2908664
2027-07-22,spei,proyeccion,,,2068299,2024378,2113173
2027-07-23,eglobal,proyeccion,,,3082215,3003066,3163450
2027-07-23,spei,proyeccion,,,2552222,2497134,2608525
2027-07-24,eglobal,proyeccion,,,2971411,2891764,3053253
2027-07-24,spei,proyeccion,,,2341872,2292463,2392346
2027-07-25,eglobal,proyeccion,,,2648887,2578040,2721681
2027-07-25,spei,proyeccion,,,1699987,1664114,1736635
2027-07-26,eglobal,proyeccion,,,2936453,2880163,2993844
2027-07-26,spei,proyeccion,,,2158393,2112637,2205140
2027-07-27,eglobal,proyeccion,,,2758782,2676330,2843774
2027-07-27,spei,proyeccion,,,1960853,1919911,2002669
2027-07-28,eglobal,proyeccion,,,2875804,2804117,2949323
2027-07-28,spei,proyeccion,,,1946923,1906323,1988388
2027-07-29,eglobal,proyeccion,,,2934539,2848496,3023181
2027-07-29,spei,proyeccion,,,2429802,2357451,2504374
2027-07-30,eglobal,proyeccion,,,3337737,3236763,3441860
2027-07-30,spei,proyeccion,,,3343987,3221751,3470860
2027-07-31,eglobal,proyeccion,,,3133070,3036557,3232651
2027-07-31,spei,proyeccion,,,2882414,2807270,2959569
2027-08-01,eglobal,proyeccion,,,2832892,2742763,2925983
2027-08-01,spei,proyeccion,,,1942376,1892127,1993958
2027-08-02,eglobal,proyeccion,,,3106457,3015712,3199932
2027-08-02,spei,proyeccion,,,2549440,2448545,2654492
2027-08-03,eglobal,proyeccion,,,2788150,2694151,2885429
2027-08-03,spei,proyeccion,,,1967908,1926523,2010181
2027-08-04,eglobal,proyeccion,,,2854996,2748992,2965086
2027-08-04,spei,proyeccion,,,1953927,1912887,1995848
