id,account_id,full_name,email,phone,role
CT-000001,CRM-000001,Jose Perez,p1@mail.com,5536356291,Finance
CT-000002,CRM-000001,Francisco Rivera,p2@mail.com,5559980463,Owner
CT-000003,CRM-000001,Marta Ramirez,p3@mail.com,5517754775,Owner
CT-000004,CRM-000002,Miguel Rodriguez,p4@mail.com,5563933961,Owner
CT-000005,CRM-000002,Juan Perez,p5@mail.com,5552977598,Ops
CT-000006,CRM-000002,Guadalupe Perez,p6@mail.com,5585419662,Ops
CT-000007,CRM-000003,Guadalupe Perez,p7@mail.com,5507586991,Ops
CT-000008,CRM-000003,Juan Garcia,p8@mail.com,5533779981,Procurement
CT-000009,CRM-000004,Juan Lopez,p9@mail.com,5594651971,Owner
CT-000010,CRM-000004,Ana Sanchez,p10@mail.com,5555756902,Finance
CT-000011,CRM-000005,Marta Rodriguez,p11@mail.com,5584611181,Procurement
CT-000012,CRM-000005,Carlos Perez,p12@mail.com,5541560328,Procurement
CT-000013,CRM-000006,Pedro Rodriguez,p13@mail.com,5534926871,Finance
CT-000014,CRM-000007,Rosa Garcia,p14@mail.com,5585955945,Finance
CT-000015,CRM-000007,Pedro Rivera,p15@mail.com,5544293704,Finance
CT-000016,CRM-000007,Maria Hernandez,p16@mail.com,5541968002,Procurement
CT-000017,CRM-000008,Pedro Torres,p17@mail.com,5583816208,Finance
CT-000018,CRM-000009,Juan Rodriguez,p18@mail.com,5540184787,Ops
CT-000019,CRM-000010,Francisco Perez,p19@mail.com,5565228874,Ops
CT-000020,CRM-000010,Juan Gonzalez,p20@mail.com,5537694638,Owner
CT-000021,CRM-000010,Luis Rivera,p21@mail.com,5513735923,Finance
CT-000022,CRM-000011,Pedro Lopez,p22@mail.com,5544226820,Ops
CT-000023,CRM-000011,Francisco Torres,p23@mail.com,5533985741,Owner
CT-000024,CRM-000012,Ana Garcia,p24@mail.com,5552556580,Procurement
CT-000025,CRM-000013,Rosa Sanchez,p25@mail.com,5536634277,Finance
CT-000026,CRM-000014,Miguel Flores,p26@mail.com,5555735759,Owner
CT-000027,CRM-000015,Luis Hernandez,p27@mail.com,5574792580,Finance
CT-000028,CRM-000015,Carlos Flores,p28@mail.com,5551423483,Ops
CT-000029,CRM-000015,Jose Flores,p29@mail.com,5546418552,Finance
CT-000030,CRM-000016,Miguel Torres,p30@mail.com,5525379269,Procurement
CT-000031,CRM-000017,Jose Garcia,p31@mail.com,5514234275,Procurement
CT-000032,CRM-000018,Ana Lopez,p32@mail.com,5569483785,Ops
CT-000033,CRM-000019,Miguel Torres,p33@mail.com,5527773711,Finance
CT-000034,CRM-000019,Carlos Ramirez,p34@mail.com,5547134299,Finance
CT-000035,CRM-000020,Marta Torres,p35@mail.com,5533116579,Ops
CT-000036,CRM-000020,Ana Torres,p36@mail.com,5540055211,Ops
CT-000037,CRM-000020,Miguel Gonzalez,p37@mail.com,5556078371,Ops
CT-000038,CRM-000021,Maria Lopez,p38@mail.com,5556923033,Owner
CT-000039,CRM-000021,Juan Flores,p39@mail.com,5513556058,Finance
CT-000040,CRM-000022,Juan Ramirez,p40@mail.com,5533309268,Owner
CT-000041,CRM-000022,Francisco Perez,p41@mail.com,5534471289,Procurement
CT-000042,CRM-000023,Miguel Hernandez,p42@mail.com,5586370208,Procurement
CT-000043,CRM-000023,Pedro Flores,p43@mail.com,5520806320,Procurement
CT-000044,CRM-000023,Pedro Torres,p44@mail.com,5591508241,Owner
CT-000045,CRM-000024,Juan Garcia,p45@mail.com,5597317179,Procurement
CT-000046,CRM-000024,Rosa Sanchez,p46@mail.com,5575883535,Procurement
CT-000047,CRM-000024,Juan Gonzalez,p47@mail.com,5529635579,Ops
CT-000048,CRM-000025,Jose Flores,p48@mail.com,5567210585,Procurement
CT-000049,CRM-000026,Juan Flores,p49@mail.com,5529816509,Owner
CT-000050,CRM-000026,Marta Rodriguez,p50@mail.com,5584537432,Procurement
CT-000051,CRM-000026,Juan Ramirez,p51@mail.com,5556869812,Owner
CT-000052,CRM-000027,Rosa Hernandez,p52@mail.com,5567656011,Ops
CT-000053,CRM-000027,Francisco Martinez,p53@mail.com,5541851936,Ops
CT-000054,CRM-000027,Jose Ramirez,p54@mail.com,5568682912,Owner
CT-000055,CRM-000028,Pedro Lopez,p55@mail.com,5531582776,Procurement
CT-000056,CRM-000028,Jose Martinez,p56@mail.com,5575728513,Ops
CT-000057,CRM-000029,Jose Perez,p57@mail.com,5570030247,Owner
CT-000058,CRM-000029,Francisco Flores,p58@mail.com,5538443151,Owner
CT-000059,CRM-000030,Juan Hernandez,p59@mail.com,5520744059,Ops
CT-000060,CRM-000030,Luis Martinez,p60@mail.com,5572024036,Owner
CT-000061,CRM-000030,Miguel Martinez,p61@mail.com,5512369226,Finance
CT-000062,CRM-000031,Guadalupe Rivera,p62@mail.com,5573852364,Procurement
CT-000063,CRM-000031,Jose Flores,p63@mail.com,5546916524,Ops
CT-000064,CRM-000032,Marta Hernandez,p64@mail.com,5537044561,Owner
CT-000065,CRM-000032,Ana Flores,p65@mail.com,5571839650,Finance
CT-000066,CRM-000033,Luis Rivera,p66@mail.com,5568951958,Ops
CT-000067,CRM-000034,Miguel Hernandez,p67@mail.com,5515447479,Owner
CT-000068,CRM-000034,Luis Sanchez,p68@mail.com,5595890206,Procurement
CT-000069,CRM-000035,Luis Perez,p69@mail.com,5559124993,Ops
CT-000070,CRM-000035,Marta Martinez,p70@mail.com,5504194234,Finance
CT-000071,CRM-000036,Pedro Hernandez,p71@mail.com,5550303073,Procurement
CT-000072,CRM-000037,Rosa Rodriguez,p72@mail.com,5506298900,Ops
CT-000073,CRM-000037,Francisco Flores,p73@mail.com,5507069859,Owner
CT-000074,CRM-000038,Rosa Rivera,p74@mail.com,5501055045,Finance
CT-000075,CRM-000038,Maria Perez,p75@mail.com,5530485763,Ops
CT-000076,CRM-000038,Carlos Perez,p76@mail.com,5540479236,Owner
CT-000077,CRM-000039,Juan Martinez,p77@mail.com,5527211174,Procurement
CT-000078,CRM-000039,Jose Martinez,p78@mail.com,5580898473,Procurement
CT-000079,CRM-000040,Juan Sanchez,p79@mail.com,5552117520,Finance
CT-000080,CRM-000040,Luis Lopez,p80@mail.com,5508694724,Procurement
CT-000081,CRM-000040,Juan Torres,p81@mail.com,5568134851,Owner
CT-000082,CRM-000041,Maria Ramirez,p82@mail.com,5594736416,Owner
CT-000083,CRM-000041,Jose Perez,p83@mail.com,5518675175,Procurement
CT-000084,CRM-000042,Miguel Rivera,p84@mail.com,5568677783,Procurement
CT-000085,CRM-000042,Luis Perez,p85@mail.com,5563439314,Procurement
CT-000086,CRM-000042,Rosa Flores,p86@mail.com,5520892337,Finance
CT-000087,CRM-000043,Marta Perez,p87@mail.com,5590657604,Procurement
CT-000088,CRM-000043,Jose Garcia,p88@mail.com,5553045965,Owner
CT-000089,CRM-000044,Guadalupe Garcia,p89@mail.com,5519344962,Ops
CT-000090,CRM-000044,Rosa Perez,p90@mail.com,5552589008,Ops
CT-000091,CRM-000044,Francisco Perez,p91@mail.com,5554233475,Ops
CT-000092,CRM-000045,Rosa Sanchez,p92@mail.com,5503826187,Finance
CT-000093,CRM-000045,Maria Martinez,p93@mail.com,5534339683,Ops
CT-000094,CRM-000045,Pedro Torres,p94@mail.com,5594745476,Procurement
CT-000095,CRM-000046,Jose Ramirez,p95@mail.com,5538612686,Owner
CT-000096,CRM-000046,Luis Gonzalez,p96@mail.com,5596514309,Finance
CT-000097,CRM-000047,Luis Garcia,p97@mail.com,5540547082,Finance
CT-000098,CRM-000048,Rosa Gonzalez,p98@mail.com,5597804048,Ops
CT-000099,CRM-000048,Pedro Rodriguez,p99@mail.com,5562623611,Ops
CT-000100,CRM-000049,Marta Ramirez,p100@mail.com,5527500225,Owner
CT-000101,CRM-000050,Marta Ramirez,p101@mail.com,5526358784,Finance
CT-000102,CRM-000051,Ana Sanchez,p102@mail.com,5592734283,Procurement
CT-000103,CRM-000052,Maria Garcia,p103@mail.com,5525563511,Procurement
CT-000104,CRM-000052,Guadalupe Lopez,p104@mail.com,5581146972,Owner
CT-000105,CRM-000052,Guadalupe Gonzalez,p105@mail.com,5504428466,Owner
CT-000106,CRM-000053,Luis Hernandez,p106@mail.com,5550795881,Ops
CT-000107,CRM-000053,Carlos Hernandez,p107@mail.com,5540722916,Finance
CT-000108,CRM-000054,Juan Rodriguez,p108@mail.com,5558736494,Finance
CT-000109,CRM-000054,Jose Sanchez,p109@mail.com,5592424755,Owner
CT-000110,CRM-000055,Luis Rivera,p110@mail.com,5503452870,Procurement
CT-000111,CRM-000056,Luis Rodriguez,p111@mail.com,5510450022,Finance
CT-000112,CRM-000056,Maria Flores,p112@mail.com,5502769091,Owner
CT-000113,CRM-000057,Jose Martinez,p113@mail.com,5585391851,Finance
CT-000114,CRM-000057,Rosa Ramirez,p114@mail.com,5562433295,Ops
CT-000115,CRM-000057,Pedro Flores,p115@mail.com,5587222306,Finance
CT-000116,CRM-000058,Francisco Perez,p116@mail.com,5549289132,Ops
CT-000117,CRM-000059,Luis Hernandez,p117@mail.com,5547104974,Ops
CT-000118,CRM-000059,Pedro Ramirez,p118@mail.com,5592357250,Owner
CT-000119,CRM-000060,Francisco Lopez,p119@mail.com,5580240522,Owner
CT-000120,CRM-000061,Maria Ramirez,p120@mail.com,5564538625,Procurement
CT-000121,CRM-000062,Guadalupe Hernandez,p121@mail.com,5542147553,Ops
CT-000122,CRM-000063,Marta Martinez,p122@mail.com,5531041886,Ops
CT-000123,CRM-000063,Francisco Flores,p123@mail.com,5570676105,Owner
CT-000124,CRM-000063,Luis Torres,p124@mail.com,5547577932,Finance
CT-000125,CRM-000064,Francisco Martinez,p125@mail.com,5592724188,Owner
CT-000126,CRM-000064,Guadalupe Rivera,p126@mail.com,5537266504,Procurement
CT-000127,CRM-000065,Guadalupe Lopez,p127@mail.com,5588379145,Procurement
CT-000128,CRM-000065,Juan Ramirez,p128@mail.com,5503758982,Procurement
CT-000129,CRM-000065,Marta Flores,p129@mail.com,5517756567,Ops
CT-000130,CRM-000066,Guadalupe Lopez,p130@mail.com,5527836294,Procurement
CT-000131,CRM-000066,Guadalupe Torres,p131@mail.com,5555310591,Procurement
CT-000132,CRM-000066,Miguel Ramirez,p132@mail.com,5544990752,Procurement
CT-000133,CRM-000067,Miguel Rodriguez,p133@mail.com,5531217217,Ops
CT-000134,CRM-000067,Marta Garcia,p134@mail.com,5547231109,Finance
CT-000135,CRM-000068,Ana Rivera,p135@mail.com,5502983679,Owner
CT-000136,CRM-000069,Pedro Gonzalez,p136@mail.com,5526985626,Ops
CT-000137,CRM-000069,Luis Sanchez,p137@mail.com,5547450549,Ops
CT-000138,CRM-000070,Marta Lopez,p138@mail.com,5522784469,Procurement
CT-000139,CRM-000071,Luis Gonzalez,p139@mail.com,5595580417,Ops
CT-000140,CRM-000072,Jose Rodriguez,p140@mail.com,5566134611,Ops
CT-000141,CRM-000073,Maria Flores,p141@mail.com,5573839398,Owner
CT-000142,CRM-000073,Marta Ramirez,p142@mail.com,5520853926,Ops
CT-000143,CRM-000073,Rosa Flores,p143@mail.com,5518282667,Owner
CT-000144,CRM-000074,Miguel Ramirez,p144@mail.com,5540712934,Ops
CT-000145,CRM-000074,Francisco Rodriguez,p145@mail.com,5572597335,Ops
CT-000146,CRM-000074,Marta Gonzalez,p146@mail.com,5540765993,Procurement
CT-000147,CRM-000075,Rosa Rodriguez,p147@mail.com,5527295047,Finance
CT-000148,CRM-000076,Guadalupe Lopez,p148@mail.com,5521378392,Ops
CT-000149,CRM-000076,Carlos Lopez,p149@mail.com,5561435976,Finance
CT-000150,CRM-000077,Carlos Hernandez,p150@mail.com,5533259284,Procurement
CT-000151,CRM-000077,Ana Ramirez,p151@mail.com,5524200969,Procurement
CT-000152,CRM-000078,Luis Garcia,p152@mail.com,5594044111,Ops
CT-000153,CRM-000078,Juan Ramirez,p153@mail.com,5571904662,Ops
CT-000154,CRM-000079,Pedro Rivera,p154@mail.com,5596994649,Finance
CT-000155,CRM-000079,Jose Martinez,p155@mail.com,5547467257,Owner
CT-000156,CRM-000079,Miguel Hernandez,p156@mail.com,5525905972,Procurement
CT-000157,CRM-000080,Jose Garcia,p157@mail.com,5595877668,Owner
CT-000158,CRM-000080,Francisco Sanchez,p158@mail.com,5525538703,Owner
CT-000159,CRM-000080,Rosa Hernandez,p159@mail.com,5558963602,Procurement
CT-000160,CRM-000081,Juan Rivera,p160@mail.com,5522852310,Ops
CT-000161,CRM-000081,Marta Sanchez,p161@mail.com,5594819297,Ops
CT-000162,CRM-000082,Carlos Perez,p162@mail.com,5512123899,Ops
CT-000163,CRM-000082,Miguel Sanchez,p163@mail.com,5586371360,Owner
CT-000164,CRM-000082,Rosa Sanchez,p164@mail.com,5503447308,Procurement
CT-000165,CRM-000083,Carlos Flores,p165@mail.com,5530795147,Finance
CT-000166,CRM-000083,Francisco Flores,p166@mail.com,5599076391,Procurement
CT-000167,CRM-000084,Pedro Flores,p167@mail.com,5511058241,Owner
CT-000168,CRM-000084,Guadalupe Hernandez,p168@mail.com,5581432901,Procurement
CT-000169,CRM-000085,Francisco Rodriguez,p169@mail.com,5588628539,Finance
CT-000170,CRM-000085,Pedro Lopez,p170@mail.com,5558892562,Ops
CT-000171,CRM-000085,Luis Hernandez,p171@mail.com,5539171540,Finance
CT-000172,CRM-000086,Rosa Ramirez,p172@mail.com,5518494419,Procurement
CT-000173,CRM-000087,Jose Hernandez,p173@mail.com,5589953842,Ops
CT-000174,CRM-000088,Luis Garcia,p174@mail.com,5594410202,Ops
CT-000175,CRM-000088,Guadalupe Lopez,p175@mail.com,5506961750,Procurement
CT-000176,CRM-000088,Carlos Lopez,p176@mail.com,5529080340,Procurement
CT-000177,CRM-000089,Rosa Rodriguez,p177@mail.com,5555550286,Finance
CT-000178,CRM-000089,Jose Lopez,p178@mail.com,5584906359,Procurement
CT-000179,CRM-000090,Guadalupe Perez,p179@mail.com,5553218913,Finance
CT-000180,CRM-000090,Pedro Rivera,p180@mail.com,5571164458,Owner
CT-000181,CRM-000091,Carlos Martinez,p181@mail.com,5572237786,Ops
CT-000182,CRM-000091,Luis Rivera,p182@mail.com,5503429762,Procurement
CT-000183,CRM-000091,Ana Lopez,p183@mail.com,5588750477,Ops
CT-000184,CRM-000092,Miguel Martinez,p184@mail.com,5535398575,Ops
CT-000185,CRM-000093,Rosa Ramirez,p185@mail.com,5510906281,Ops
CT-000186,CRM-000094,Francisco Martinez,p186@mail.com,5509379393,Finance
CT-000187,CRM-000094,Jose Hernandez,p187@mail.com,5513175747,Ops
CT-000188,CRM-000094,Ana Sanchez,p188@mail.com,5568155026,Ops
CT-000189,CRM-000095,Juan Torres,p189@mail.com,5569745781,Finance
CT-000190,CRM-000095,Jose Perez,p190@mail.com,5590722691,Procurement
CT-000191,CRM-000096,Luis Lopez,p191@mail.com,5500308214,Finance
CT-000192,CRM-000096,Juan Sanchez,p192@mail.com,5510977313,Ops
CT-000193,CRM-000096,Ana Rodriguez,p193@mail.com,5543575122,Ops
CT-000194,CRM-000097,Pedro Hernandez,p194@mail.com,5568294085,Procurement
CT-000195,CRM-000097,Luis Flores,p195@mail.com,5561109985,Ops
CT-000196,CRM-000098,Rosa Torres,p196@mail.com,5509467943,Owner
CT-000197,CRM-000098,Jose Martinez,p197@mail.com,5547655526,Ops
CT-000198,CRM-000099,Rosa Sanchez,p198@mail.com,5528920257,Ops
CT-000199,CRM-000099,Juan Garcia,p199@mail.com,5503002779,Procurement
CT-000200,CRM-000099,Jose Rivera,p200@mail.com,5506685962,Finance
CT-000201,CRM-000100,Guadalupe Gonzalez,p201@mail.com,5555989001,Ops
CT-000202,CRM-000100,Maria Torres,p202@mail.com,5598902726,Procurement
CT-000203,CRM-000101,Rosa Torres,p203@mail.com,5594024149,Finance
CT-000204,CRM-000101,Francisco Flores,p204@mail.com,5556870479,Owner
CT-000205,CRM-000102,Carlos Sanchez,p205@mail.com,5523534548,Owner
CT-000206,CRM-000102,Juan Torres,p206@mail.com,5572129916,Ops
CT-000207,CRM-000102,Juan Perez,p207@mail.com,5540917096,Procurement
CT-000208,CRM-000103,Pedro Torres,p208@mail.com,5567563268,Procurement
CT-000209,CRM-000104,Luis Gonzalez,p209@mail.com,5566421741,Ops
CT-000210,CRM-000104,Carlos Lopez,p210@mail.com,5528367914,Owner
CT-000211,CRM-000104,Francisco Flores,p211@mail.com,5549998774,Owner
CT-000212,CRM-000105,Juan Martinez,p212@mail.com,5529478492,Owner
CT-000213,CRM-000106,Guadalupe Martinez,p213@mail.com,5537908486,Owner
CT-000214,CRM-000106,Rosa Perez,p214@mail.com,5551093200,Finance
CT-000215,CRM-000106,Maria Rivera,p215@mail.com,5570981049,Owner
CT-000216,CRM-000107,Marta Perez,p216@mail.com,5511626294,Ops
CT-000217,CRM-000108,Maria Sanchez,p217@mail.com,5528816116,Finance
CT-000218,CRM-000108,Pedro Gonzalez,p218@mail.com,5562777924,Owner
CT-000219,CRM-000108,Jose Hernandez,p219@mail.com,5599058465,Procurement
CT-000220,CRM-000109,Guadalupe Martinez,p220@mail.com,5518867232,Ops
CT-000221,CRM-000110,Rosa Sanchez,p221@mail.com,5573414792,Owner
CT-000222,CRM-000110,Ana Hernandez,p222@mail.com,5500025870,Owner
CT-000223,CRM-000111,Juan Hernandez,p223@mail.com,5575142740,Finance
CT-000224,CRM-000111,Jose Garcia,p224@mail.com,5539565349,Ops
CT-000225,CRM-000111,Pedro Hernandez,p225@mail.com,5555220434,Ops
CT-000226,CRM-000112,Jose Rodriguez,p226@mail.com,5554821532,Owner
CT-000227,CRM-000112,Maria Hernandez,p227@mail.com,5528410784,Ops
CT-000228,CRM-000112,Guadalupe Martinez,p228@mail.com,5518475841,Procurement
CT-000229,CRM-000113,Pedro Torres,p229@mail.com,5547101573,Owner
CT-000230,CRM-000114,Guadalupe Hernandez,p230@mail.com,5573004315,Finance
CT-000231,CRM-000114,Ana Rodriguez,p231@mail.com,5528105270,Owner
CT-000232,CRM-000115,Luis Lopez,p232@mail.com,5565526586,Ops
CT-000233,CRM-000116,Jose Rodriguez,p233@mail.com,5504765425,Finance
CT-000234,CRM-000116,Pedro Sanchez,p234@mail.com,5529791832,Procurement
CT-000235,CRM-000117,Francisco Gonzalez,p235@mail.com,5520494361,Finance
CT-000236,CRM-000118,Maria Sanchez,p236@mail.com,5526934474,Finance
CT-000237,CRM-000118,Carlos Rivera,p237@mail.com,5545379601,Ops
CT-000238,CRM-000118,Luis Ramirez,p238@mail.com,5586155172,Owner
CT-000239,CRM-000119,Rosa Torres,p239@mail.com,5570148051,Ops
CT-000240,CRM-000120,Pedro Hernandez,p240@mail.com,5569512375,Finance
CT-000241,CRM-000120,Carlos Rivera,p241@mail.com,5545928581,Ops
CT-000242,CRM-000121,Francisco Gonzalez,p242@mail.com,5576936039,Procurement
CT-000243,CRM-000122,Maria Gonzalez,p243@mail.com,5512988402,Finance
CT-000244,CRM-000122,Maria Torres,p244@mail.com,5560718288,Finance
CT-000245,CRM-000122,Carlos Gonzalez,p245@mail.com,5520686420,Procurement
CT-000246,CRM-000123,Carlos Torres,p246@mail.com,5594224011,Procurement
CT-000247,CRM-000123,Pedro Flores,p247@mail.com,5590211510,Ops
CT-000248,CRM-000123,Jose Flores,p248@mail.com,5505487927,Procurement
CT-000249,CRM-000124,Guadalupe Torres,p249@mail.com,5505832420,Procurement
CT-000250,CRM-000125,Carlos Lopez,p250@mail.com,5521567881,Finance
CT-000251,CRM-000126,Juan Lopez,p251@mail.com,5515680454,Procurement
CT-000252,CRM-000127,Juan Ramirez,p252@mail.com,5526406830,Ops
CT-000253,CRM-000128,Maria Perez,p253@mail.com,5586813534,Ops
CT-000254,CRM-000128,Miguel Rodriguez,p254@mail.com,5584495972,Finance
CT-000255,CRM-000129,Miguel Sanchez,p255@mail.com,5505446556,Finance
CT-000256,CRM-000129,Jose Garcia,p256@mail.com,5579045516,Owner
CT-000257,CRM-000130,Jose Sanchez,p257@mail.com,5565700969,Ops
CT-000258,CRM-000130,Pedro Sanchez,p258@mail.com,5545514570,Owner
CT-000259,CRM-000131,Maria Sanchez,p259@mail.com,5575037057,Ops
CT-000260,CRM-000132,Jose Rodriguez,p260@mail.com,5512718863,Ops
CT-000261,CRM-000132,Juan Flores,p261@mail.com,5527733318,Finance
CT-000262,CRM-000133,Carlos Martinez,p262@mail.com,5530150773,Owner
CT-000263,CRM-000133,Ana Perez,p263@mail.com,5539769629,Ops
CT-000264,CRM-000134,Jose Rodriguez,p264@mail.com,5571619215,Finance
CT-000265,CRM-000134,Jose Gonzalez,p265@mail.com,5545490301,Finance
CT-000266,CRM-000134,Francisco Rodriguez,p266@mail.com,5598994303,Procurement
CT-000267,CRM-000135,Guadalupe Lopez,p267@mail.com,5513714450,Ops
CT-000268,CRM-000136,Maria Ramirez,p268@mail.com,5539112682,Procurement
CT-000269,CRM-000136,Rosa Rivera,p269@mail.com,5599876672,Ops
CT-000270,CRM-000136,Francisco Flores,p270@mail.com,5538685356,Finance
CT-000271,CRM-000137,Guadalupe Lopez,p271@mail.com,5582597165,Ops
CT-000272,CRM-000138,Pedro Gonzalez,p272@mail.com,5503671272,Procurement
CT-000273,CRM-000139,Miguel Gonzalez,p273@mail.com,5588520296,Ops
CT-000274,CRM-000139,Rosa Perez,p274@mail.com,5537848169,Ops
CT-000275,CRM-000140,Ana Torres,p275@mail.com,5570484776,Procurement
CT-000276,CRM-000140,Juan Flores,p276@mail.com,5520842239,Procurement
CT-000277,CRM-000141,Rosa Perez,p277@mail.com,5585953037,Finance
CT-000278,CRM-000141,Juan Flores,p278@mail.com,5527444703,Procurement
CT-000279,CRM-000141,Francisco Torres,p279@mail.com,5506820848,Ops
CT-000280,CRM-000142,Juan Sanchez,p280@mail.com,5572328892,Ops
CT-000281,CRM-000143,Francisco Rodriguez,p281@mail.com,5568155224,Ops
CT-000282,CRM-000143,Ana Garcia,p282@mail.com,5514802689,Finance
CT-000283,CRM-000144,Maria Sanchez,p283@mail.com,5574096235,Owner
CT-000284,CRM-000144,Francisco Gonzalez,p284@mail.com,5557218084,Procurement
CT-000285,CRM-000144,Juan Rivera,p285@mail.com,5551636427,Procurement
CT-000286,CRM-000145,Marta Lopez,p286@mail.com,5520203562,Owner
CT-000287,CRM-000145,Marta Hernandez,p287@mail.com,5584735040,Ops
CT-000288,CRM-000146,Rosa Gonzalez,p288@mail.com,5571869943,Owner
CT-000289,CRM-000146,Carlos Gonzalez,p289@mail.com,5568116508,Finance
CT-000290,CRM-000146,Francisco Ramirez,p290@mail.com,5577339087,Owner
CT-000291,CRM-000147,Marta Martinez,p291@mail.com,5529002382,Procurement
CT-000292,CRM-000147,Miguel Perez,p292@mail.com,5583507922,Ops
CT-000293,CRM-000147,Carlos Lopez,p293@mail.com,5533637241,Finance
CT-000294,CRM-000148,Miguel Perez,p294@mail.com,5596722089,Procurement
CT-000295,CRM-000148,Jose Garcia,p295@mail.com,5514750316,Owner
CT-000296,CRM-000148,Maria Rodriguez,p296@mail.com,5504255121,Ops
CT-000297,CRM-000149,Jose Torres,p297@mail.com,5590843539,Finance
CT-000298,CRM-000149,Juan Lopez,p298@mail.com,5583969493,Owner
CT-000299,CRM-000149,Marta Torres,p299@mail.com,5576770826,Owner
CT-000300,CRM-000150,Rosa Torres,p300@mail.com,5530604177,Ops
CT-000301,CRM-000150,Francisco Gonzalez,p301@mail.com,5513393135,Owner
CT-000302,CRM-000150,Francisco Rivera,p302@mail.com,5569397331,Finance
CT-000303,CRM-000151,Jose Martinez,p303@mail.com,5565787516,Owner
CT-000304,CRM-000151,Guadalupe Gonzalez,p304@mail.com,5522426646,Owner
CT-000305,CRM-000152,Guadalupe Hernandez,p305@mail.com,5534961409,Ops
CT-000306,CRM-000152,Juan Hernandez,p306@mail.com,5560773300,Owner
CT-000307,CRM-000153,Marta Gonzalez,p307@mail.com,5523293398,Owner
CT-000308,CRM-000153,Maria Rodriguez,p308@mail.com,5527136951,Owner
CT-000309,CRM-000154,Jose Perez,p309@mail.com,5558047813,Owner
CT-000310,CRM-000154,Guadalupe Ramirez,p310@mail.com,5591286963,Finance
CT-000311,CRM-000155,Miguel Torres,p311@mail.com,5558719644,Finance
CT-000312,CRM-000156,Maria Flores,p312@mail.com,5530713635,Owner
CT-000313,CRM-000156,Guadalupe Sanchez,p313@mail.com,5500594433,Finance
CT-000314,CRM-000156,Jose Hernandez,p314@mail.com,5595410496,Owner
CT-000315,CRM-000157,Rosa Garcia,p315@mail.com,5540129995,Finance
CT-000316,CRM-000158,Guadalupe Garcia,p316@mail.com,5503622866,Owner
CT-000317,CRM-000158,Jose Perez,p317@mail.com,5535651924,Ops
CT-000318,CRM-000159,Luis Torres,p318@mail.com,5536274724,Procurement
CT-000319,CRM-000159,Guadalupe Perez,p319@mail.com,5514903277,Owner
CT-000320,CRM-000160,Maria Lopez,p320@mail.com,5598410384,Ops
CT-000321,CRM-000160,Juan Perez,p321@mail.com,5510007196,Ops
CT-000322,CRM-000160,Pedro Rivera,p322@mail.com,5582983059,Ops
CT-000323,CRM-000161,Jose Gonzalez,p323@mail.com,5552192463,Finance
CT-000324,CRM-000161,Ana Garcia,p324@mail.com,5581783215,Ops
CT-000325,CRM-000162,Maria Martinez,p325@mail.com,5518377691,Finance
CT-000326,CRM-000162,Miguel Martinez,p326@mail.com,5504603241,Finance
CT-000327,CRM-000162,Maria Hernandez,p327@mail.com,5524483678,Finance
CT-000328,CRM-000163,Miguel Gonzalez,p328@mail.com,5539154668,Ops
CT-000329,CRM-000164,Carlos Torres,p329@mail.com,5557378580,Owner
CT-000330,CRM-000164,Rosa Gonzalez,p330@mail.com,5540628909,Ops
CT-000331,CRM-000164,Juan Gonzalez,p331@mail.com,5522770734,Finance
CT-000332,CRM-000165,Marta Martinez,p332@mail.com,5552346567,Owner
CT-000333,CRM-000165,Pedro Flores,p333@mail.com,5567936818,Procurement
CT-000334,CRM-000166,Maria Rivera,p334@mail.com,5578238996,Ops
CT-000335,CRM-000166,Ana Rodriguez,p335@mail.com,5591766019,Finance
CT-000336,CRM-000167,Carlos Gonzalez,p336@mail.com,5594779466,Finance
CT-000337,CRM-000167,Carlos Perez,p337@mail.com,5520733272,Finance
CT-000338,CRM-000167,Maria Rivera,p338@mail.com,5516322851,Procurement
CT-000339,CRM-000168,Ana Torres,p339@mail.com,5524254025,Owner
CT-000340,CRM-000169,Rosa Gonzalez,p340@mail.com,5525247957,Ops
CT-000341,CRM-000169,Juan Garcia,p341@mail.com,5557638996,Ops
CT-000342,CRM-000169,Carlos Rodriguez,p342@mail.com,5503102260,Owner
CT-000343,CRM-000170,Marta Hernandez,p343@mail.com,5572689112,Procurement
CT-000344,CRM-000170,Pedro Rivera,p344@mail.com,5587561927,Ops
CT-000345,CRM-000170,Juan Torres,p345@mail.com,5553084000,Ops
CT-000346,CRM-000171,Miguel Perez,p346@mail.com,5584202340,Finance
CT-000347,CRM-000172,Marta Lopez,p347@mail.com,5579193049,Ops
CT-000348,CRM-000173,Francisco Rivera,p348@mail.com,5542478491,Finance
CT-000349,CRM-000173,Maria Lopez,p349@mail.com,5567186446,Ops
CT-000350,CRM-000174,Marta Martinez,p350@mail.com,5572112484,Owner
CT-000351,CRM-000174,Carlos Hernandez,p351@mail.com,5597011885,Finance
CT-000352,CRM-000175,Ana Rivera,p352@mail.com,5557302340,Procurement
CT-000353,CRM-000175,Miguel Martinez,p353@mail.com,5547422518,Ops
CT-000354,CRM-000175,Maria Lopez,p354@mail.com,5567466300,Owner
CT-000355,CRM-000176,Luis Garcia,p355@mail.com,5556992350,Procurement
CT-000356,CRM-000176,Francisco Hernandez,p356@mail.com,5570877154,Finance
CT-000357,CRM-000177,Maria Sanchez,p357@mail.com,5518044928,Finance
CT-000358,CRM-000177,Jose Martinez,p358@mail.com,5593745078,Procurement
CT-000359,CRM-000177,Marta Garcia,p359@mail.com,5510231896,Finance
CT-000360,CRM-000178,Juan Rivera,p360@mail.com,5554556087,Procurement
CT-000361,CRM-000178,Luis Garcia,p361@mail.com,5503427006,Procurement
CT-000362,CRM-000178,Maria Ramirez,p362@mail.com,5598598732,Finance
CT-000363,CRM-000179,Guadalupe Rivera,p363@mail.com,5536446705,Ops
CT-000364,CRM-000179,Juan Garcia,p364@mail.com,5579644319,Owner
CT-000365,CRM-000180,Miguel Rivera,p365@mail.com,5571057155,Finance
CT-000366,CRM-000181,Miguel Hernandez,p366@mail.com,5565522383,Ops
CT-000367,CRM-000181,Marta Sanchez,p367@mail.com,5582987018,Finance
CT-000368,CRM-000182,Pedro Flores,p368@mail.com,5557860541,Owner
CT-000369,CRM-000182,Luis Sanchez,p369@mail.com,5550115759,Finance
CT-000370,CRM-000183,Rosa Torres,p370@mail.com,5528049246,Owner
CT-000371,CRM-000183,Jose Torres,p371@mail.com,5528657588,Ops
CT-000372,CRM-000183,Juan Flores,p372@mail.com,5543805379,Finance
CT-000373,CRM-000184,Carlos Rivera,p373@mail.com,5511296220,Ops
CT-000374,CRM-000185,Francisco Garcia,p374@mail.com,5526917192,Procurement
CT-000375,CRM-000185,Carlos Lopez,p375@mail.com,5563504781,Procurement
CT-000376,CRM-000186,Marta Rivera,p376@mail.com,5574103775,Finance
CT-000377,CRM-000186,Pedro Torres,p377@mail.com,5534645396,Ops
CT-000378,CRM-000187,Jose Rodriguez,p378@mail.com,5510649220,Owner
CT-000379,CRM-000188,Ana Martinez,p379@mail.com,5554791576,Owner
CT-000380,CRM-000189,Pedro Ramirez,p380@mail.com,5529995946,Ops
CT-000381,CRM-000189,Guadalupe Gonzalez,p381@mail.com,5573444207,Owner
CT-000382,CRM-000190,Pedro Hernandez,p382@mail.com,5543941234,Procurement
CT-000383,CRM-000190,Marta Torres,p383@mail.com,5512091189,Finance
CT-000384,CRM-000191,Pedro Rivera,p384@mail.com,5526393657,Finance
CT-000385,CRM-000191,Ana Garcia,p385@mail.com,5569704663,Ops
CT-000386,CRM-000192,Luis Rivera,p386@mail.com,5560821967,Ops
CT-000387,CRM-000192,Guadalupe Hernandez,p387@mail.com,5548222612,Finance
CT-000388,CRM-000193,Juan Rivera,p388@mail.com,5542730141,Procurement
CT-000389,CRM-000193,Carlos Torres,p389@mail.com,5593770230,Owner
CT-000390,CRM-000194,Miguel Torres,p390@mail.com,5517884127,Finance
CT-000391,CRM-000194,Rosa Ramirez,p391@mail.com,5539712057,Finance
CT-000392,CRM-000195,Juan Gonzalez,p392@mail.com,5528832175,Ops
CT-000393,CRM-000195,Maria Gonzalez,p393@mail.com,5519638910,Owner
CT-000394,CRM-000196,Pedro Flores,p394@mail.com,5560132774,Finance
CT-000395,CRM-000196,Rosa Garcia,p395@mail.com,5590557500,Finance
CT-000396,CRM-000196,Marta Torres,p396@mail.com,5597166685,Finance
CT-000397,CRM-000197,Francisco Perez,p397@mail.com,5504690808,Finance
CT-000398,CRM-000197,Pedro Lopez,p398@mail.com,5555505097,Finance
CT-000399,CRM-000198,Miguel Torres,p399@mail.com,5510634102,Ops
CT-000400,CRM-000198,Jose Perez,p400@mail.com,5507522874,Ops
CT-000401,CRM-000198,Jose Torres,p401@mail.com,5586173638,Finance
CT-000402,CRM-000199,Rosa Hernandez,p402@mail.com,5533478102,Owner
CT-000403,CRM-000199,Carlos Torres,p403@mail.com,5551394290,Owner
CT-000404,CRM-000200,Guadalupe Sanchez,p404@mail.com,5534446170,Procurement
CT-000405,CRM-000200,Guadalupe Torres,p405@mail.com,5593590144,Ops
CT-000406,CRM-000201,Ana Rodriguez,p406@mail.com,5533106585,Owner
CT-000407,CRM-000201,Marta Sanchez,p407@mail.com,5557857953,Owner
CT-000408,CRM-000202,Rosa Flores,p408@mail.com,5554251697,Finance
CT-000409,CRM-000202,Rosa Gonzalez,p409@mail.com,5566271947,Owner
CT-000410,CRM-000203,Francisco Martinez,p410@mail.com,5532005310,Finance
CT-000411,CRM-000204,Maria Flores,p411@mail.com,5509304468,Owner
CT-000412,CRM-000204,Carlos Ramirez,p412@mail.com,5554428106,Finance
CT-000413,CRM-000205,Pedro Hernandez,p413@mail.com,5511642725,Procurement
CT-000414,CRM-000205,Maria Flores,p414@mail.com,5551363068,Owner
CT-000415,CRM-000205,Rosa Gonzalez,p415@mail.com,5593836239,Ops
CT-000416,CRM-000206,Juan Perez,p416@mail.com,5531216817,Ops
CT-000417,CRM-000206,Marta Gonzalez,p417@mail.com,5533126488,Owner
CT-000418,CRM-000207,Guadalupe Perez,p418@mail.com,5524493609,Owner
CT-000419,CRM-000208,Ana Torres,p419@mail.com,5588883018,Finance
CT-000420,CRM-000209,Juan Rivera,p420@mail.com,5570343969,Procurement
CT-000421,CRM-000209,Maria Martinez,p421@mail.com,5549033413,Owner
CT-000422,CRM-000210,Guadalupe Hernandez,p422@mail.com,5527154676,Ops
CT-000423,CRM-000210,Pedro Torres,p423@mail.com,5526690541,Ops
CT-000424,CRM-000211,Miguel Flores,p424@mail.com,5563426881,Finance
CT-000425,CRM-000211,Jose Rivera,p425@mail.com,5581593594,Owner
CT-000426,CRM-000211,Pedro Perez,p426@mail.com,5598625856,Finance
CT-000427,CRM-000212,Rosa Martinez,p427@mail.com,5552028403,Owner
CT-000428,CRM-000213,Guadalupe Flores,p428@mail.com,5584315629,Ops
CT-000429,CRM-000213,Jose Torres,p429@mail.com,5588856079,Owner
CT-000430,CRM-000213,Miguel Martinez,p430@mail.com,5515684216,Finance
CT-000431,CRM-000214,Maria Garcia,p431@mail.com,5503356705,Procurement
CT-000432,CRM-000215,Luis Rodriguez,p432@mail.com,5564734404,Procurement
CT-000433,CRM-000215,Carlos Rivera,p433@mail.com,5561814460,Finance
CT-000434,CRM-000216,Carlos Perez,p434@mail.com,5534736528,Procurement
CT-000435,CRM-000216,Miguel Rivera,p435@mail.com,5599988866,Finance
CT-000436,CRM-000216,Carlos Martinez,p436@mail.com,5578183331,Owner
CT-000437,CRM-000217,Carlos Sanchez,p437@mail.com,5506245638,Procurement
CT-000438,CRM-000217,Miguel Flores,p438@mail.com,5540812424,Procurement
CT-000439,CRM-000217,Juan Gonzalez,p439@mail.com,5538217672,Procurement
CT-000440,CRM-000218,Miguel Sanchez,p440@mail.com,5548940973,Ops
CT-000441,CRM-000218,Luis Garcia,p441@mail.com,5523885745,Ops
CT-000442,CRM-000218,Ana Flores,p442@mail.com,5555133857,Owner
CT-000443,CRM-000219,Luis Hernandez,p443@mail.com,5525825080,Procurement
CT-000444,CRM-000219,Carlos Rivera,p444@mail.com,5544971763,Owner
CT-000445,CRM-000219,Rosa Flores,p445@mail.com,5598720952,Procurement
CT-000446,CRM-000220,Ana Flores,p446@mail.com,5536144365,Finance
CT-000447,CRM-000220,Ana Lopez,p447@mail.com,5514441537,Ops
CT-000448,CRM-000220,Maria Rodriguez,p448@mail.com,5550282912,Procurement
CT-000449,CRM-000221,Ana Lopez,p449@mail.com,5572595344,Owner
CT-000450,CRM-000222,Luis Torres,p450@mail.com,5526348439,Finance
CT-000451,CRM-000222,Rosa Flores,p451@mail.com,5595366969,Ops
CT-000452,CRM-000222,Pedro Flores,p452@mail.com,5535982175,Finance
CT-000453,CRM-000223,Juan Gonzalez,p453@mail.com,5597856087,Owner
CT-000454,CRM-000224,Ana Martinez,p454@mail.com,5563400387,Owner
CT-000455,CRM-000224,Luis Martinez,p455@mail.com,5578998950,Procurement
CT-000456,CRM-000224,Carlos Perez,p456@mail.com,5557328628,Owner
CT-000457,CRM-000225,Marta Hernandez,p457@mail.com,5515690986,Owner
CT-000458,CRM-000225,Maria Rodriguez,p458@mail.com,5546672448,Ops
CT-000459,CRM-000226,Pedro Ramirez,p459@mail.com,5596990398,Ops
CT-000460,CRM-000226,Ana Martinez,p460@mail.com,5555549168,Procurement
CT-000461,CRM-000227,Jose Gonzalez,p461@mail.com,5547302425,Ops
CT-000462,CRM-000227,Maria Garcia,p462@mail.com,5501149801,Owner
CT-000463,CRM-000227,Guadalupe Hernandez,p463@mail.com,5520242135,Owner
CT-000464,CRM-000228,Marta Garcia,p464@mail.com,5576060715,Owner
CT-000465,CRM-000228,Guadalupe Ramirez,p465@mail.com,5548066281,Owner
CT-000466,CRM-000228,Ana Torres,p466@mail.com,5500040297,Ops
CT-000467,CRM-000229,Maria Rivera,p467@mail.com,5566693805,Owner
CT-000468,CRM-000230,Rosa Ramirez,p468@mail.com,5597372938,Procurement
CT-000469,CRM-000230,Guadalupe Torres,p469@mail.com,5544128581,Procurement
CT-000470,CRM-000231,Juan Martinez,p470@mail.com,5536034621,Owner
CT-000471,CRM-000231,Carlos Perez,p471@mail.com,5558392687,Owner
CT-000472,CRM-000231,Guadalupe Torres,p472@mail.com,5577448299,Finance
CT-000473,CRM-000232,Miguel Ramirez,p473@mail.com,5588128903,Owner
CT-000474,CRM-000233,Ana Flores,p474@mail.com,5574545006,Procurement
CT-000475,CRM-000234,Pedro Gonzalez,p475@mail.com,5550544876,Ops
CT-000476,CRM-000234,Guadalupe Lopez,p476@mail.com,5563454219,Ops
CT-000477,CRM-000235,Rosa Ramirez,p477@mail.com,5527728645,Ops
CT-000478,CRM-000235,Miguel Flores,p478@mail.com,5504851329,Finance
CT-000479,CRM-000236,Luis Ramirez,p479@mail.com,5563974649,Finance
CT-000480,CRM-000237,Marta Flores,p480@mail.com,5515638180,Procurement
CT-000481,CRM-000237,Guadalupe Martinez,p481@mail.com,5525937810,Finance
CT-000482,CRM-000238,Guadalupe Rodriguez,p482@mail.com,5558703536,Procurement
CT-000483,CRM-000238,Miguel Gonzalez,p483@mail.com,5554180943,Owner
CT-000484,CRM-000238,Juan Torres,p484@mail.com,5597508541,Procurement
CT-000485,CRM-000239,Luis Gonzalez,p485@mail.com,5583307834,Procurement
CT-000486,CRM-000239,Guadalupe Hernandez,p486@mail.com,5559120933,Finance
CT-000487,CRM-000240,Guadalupe Flores,p487@mail.com,5598879793,Ops
CT-000488,CRM-000241,Marta Lopez,p488@mail.com,5569007431,Finance
CT-000489,CRM-000242,Juan Rodriguez,p489@mail.com,5570870583,Owner
CT-000490,CRM-000243,Luis Lopez,p490@mail.com,5583939260,Owner
CT-000491,CRM-000244,Maria Flores,p491@mail.com,5504275025,Finance
CT-000492,CRM-000245,Pedro Perez,p492@mail.com,5541204051,Finance
CT-000493,CRM-000245,Francisco Flores,p493@mail.com,5501495256,Finance
CT-000494,CRM-000246,Carlos Ramirez,p494@mail.com,5520075864,Finance
CT-000495,CRM-000246,Luis Hernandez,p495@mail.com,5584206927,Owner
CT-000496,CRM-000247,Miguel Perez,p496@mail.com,5598144039,Owner
CT-000497,CRM-000248,Pedro Ramirez,p497@mail.com,5571114027,Owner
CT-000498,CRM-000248,Francisco Flores,p498@mail.com,5593367487,Procurement
CT-000499,CRM-000248,Rosa Sanchez,p499@mail.com,5501166520,Finance
CT-000500,CRM-000249,Miguel Gonzalez,p500@mail.com,5522447017,Procurement
CT-000501,CRM-000249,Marta Sanchez,p501@mail.com,5556515681,Procurement
CT-000502,CRM-000250,Luis Perez,p502@mail.com,5548359976,Owner
CT-000503,CRM-000250,Carlos Ramirez,p503@mail.com,5500667559,Owner
CT-000504,CRM-000251,Luis Ramirez,p504@mail.com,5516369119,Ops
CT-000505,CRM-000251,Rosa Rivera,p505@mail.com,5553169477,Owner
CT-000506,CRM-000251,Carlos Garcia,p506@mail.com,5537238606,Finance
CT-000507,CRM-000252,Guadalupe Rodriguez,p507@mail.com,5506552986,Owner
CT-000508,CRM-000252,Jose Rodriguez,p508@mail.com,5522234952,Owner
CT-000509,CRM-000252,Rosa Rodriguez,p509@mail.com,5598902677,Owner
CT-000510,CRM-000253,Francisco Hernandez,p510@mail.com,5599758228,Procurement
CT-000511,CRM-000254,Francisco Flores,p511@mail.com,5575147507,Ops
CT-000512,CRM-000255,Pedro Rodriguez,p512@mail.com,5578081925,Finance
CT-000513,CRM-000256,Guadalupe Garcia,p513@mail.com,5577614075,Owner
CT-000514,CRM-000256,Luis Garcia,p514@mail.com,5520391542,Owner
CT-000515,CRM-000256,Carlos Perez,p515@mail.com,5531751198,Finance
CT-000516,CRM-000257,Ana Ramirez,p516@mail.com,5586091435,Ops
CT-000517,CRM-000257,Ana Sanchez,p517@mail.com,5540950497,Ops
CT-000518,CRM-000258,Ana Torres,p518@mail.com,5553321563,Finance
CT-000519,CRM-000258,Miguel Perez,p519@mail.com,5556887923,Ops
CT-000520,CRM-000258,Jose Rodriguez,p520@mail.com,5501250426,Finance
CT-000521,CRM-000259,Ana Sanchez,p521@mail.com,5553125262,Finance
CT-000522,CRM-000259,Jose Lopez,p522@mail.com,5599750715,Owner
CT-000523,CRM-000259,Marta Lopez,p523@mail.com,5567829131,Procurement
CT-000524,CRM-000260,Francisco Torres,p524@mail.com,5548151096,Finance
CT-000525,CRM-000261,Marta Rodriguez,p525@mail.com,5565798788,Procurement
CT-000526,CRM-000262,Jose Lopez,p526@mail.com,5557857330,Ops
CT-000527,CRM-000262,Jose Garcia,p527@mail.com,5596737217,Procurement
CT-000528,CRM-000263,Luis Hernandez,p528@mail.com,5500569748,Owner
CT-000529,CRM-000263,Rosa Torres,p529@mail.com,5591220464,Finance
CT-000530,CRM-000263,Miguel Perez,p530@mail.com,5565748100,Ops
CT-000531,CRM-000264,Carlos Garcia,p531@mail.com,5534156055,Finance
CT-000532,CRM-000265,Francisco Ramirez,p532@mail.com,5502031166,Ops
CT-000533,CRM-000266,Miguel Torres,p533@mail.com,5537737529,Procurement
CT-000534,CRM-000267,Maria Ramirez,p534@mail.com,5543416255,Finance
CT-000535,CRM-000267,Jose Gonzalez,p535@mail.com,5544088455,Owner
CT-000536,CRM-000267,Maria Perez,p536@mail.com,5504057171,Finance
CT-000537,CRM-000268,Guadalupe Flores,p537@mail.com,5508361797,Finance
CT-000538,CRM-000269,Miguel Sanchez,p538@mail.com,5540906461,Finance
CT-000539,CRM-000270,Juan Ramirez,p539@mail.com,5541142162,Ops
CT-000540,CRM-000271,Guadalupe Ramirez,p540@mail.com,5569366223,Procurement
CT-000541,CRM-000271,Jose Perez,p541@mail.com,5532372644,Procurement
CT-000542,CRM-000271,Guadalupe Hernandez,p542@mail.com,5568117862,Procurement
CT-000543,CRM-000272,Miguel Gonzalez,p543@mail.com,5501728785,Finance
CT-000544,CRM-000272,Pedro Garcia,p544@mail.com,5587491496,Procurement
CT-000545,CRM-000273,Maria Perez,p545@mail.com,5567556845,Ops
CT-000546,CRM-000273,Guadalupe Lopez,p546@mail.com,5572708538,Ops
CT-000547,CRM-000274,Jose Torres,p547@mail.com,5539816542,Ops
CT-000548,CRM-000274,Marta Sanchez,p548@mail.com,5558526218,Ops
CT-000549,CRM-000274,Rosa Perez,p549@mail.com,5550406163,Owner
CT-000550,CRM-000275,Miguel Martinez,p550@mail.com,5569374638,Owner
CT-000551,CRM-000275,Ana Ramirez,p551@mail.com,5550728689,Ops
CT-000552,CRM-000275,Maria Garcia,p552@mail.com,5571569574,Owner
